fdc_id,unit_id,unit_name,unit_category,modifier,g_per_unit,g_min,g_max,n_obs,outlier_flag
1104964,1119,each,count/portion,peel,48.889,38.6,67.1,9,0
1104964,1119,each,count/portion,peeled,130.778,98.0,153.0,9,0
1104964,1119,each,count/portion,unpeeled,179.778,139.0,217.0,9,0
1104982,1119,each,count/portion,peel,25.312,18.9,34.9,8,0
1104982,1119,each,count/portion,peeled,100.9,82.6,116.0,7,0
1104982,1119,each,count/portion,unpeeled,127.625,104.0,151.0,8,0
1104999,1119,each,count/portion,peel,39.6,31.7,46.8,9,0
1104999,1119,each,count/portion,peeled,96.812,88.7,106.0,8,0
1104999,1119,each,count/portion,unpeeled,137.333,122.0,151.0,9,0
1105016,1119,each,count/portion,peel,34.18,27.5,40.4,10,0
1105016,1119,each,count/portion,peeled,91.36,77.6,108.0,10,0
1105016,1119,each,count/portion,unpeeled,125.4,108.0,146.0,10,0
1105035,1119,each,count/portion,peel,34.588,27.8,39.7,8,0
1105035,1119,each,count/portion,peeled,109.5,101.0,114.0,4,0
1105035,1119,each,count/portion,unpeeled,142.667,128.0,154.0,6,0
1105054,1119,each,count/portion,peel,46.317,38.0,60.3,6,0
1105054,1119,each,count/portion,peeled,142.0,127.0,157.0,6,0
1105054,1119,each,count/portion,unpeeled,184.6,166.0,208.0,5,0
1105073,1119,each,count/portion,peeled,110.0,110.0,110.0,1,0
1105075,1119,each,count/portion,peel,79.512,71.0,84.6,8,0
1105075,1119,each,count/portion,peeled,140.167,130.0,145.0,6,0
1105075,1119,each,count/portion,unpeeled,220.875,201.0,230.0,8,0
1105097,1119,each,count/portion,peel,64.938,55.5,75.7,8,0
1105097,1119,each,count/portion,peeled,117.8,110.0,131.0,5,0
1105097,1119,each,count/portion,unpeeled,187.0,167.0,207.0,5,0
1105117,1119,each,count/portion,peel,59.789,52.7,69.2,9,0
1105117,1119,each,count/portion,peeled,112.529,99.7,139.0,7,0
1105117,1119,each,count/portion,unpeeled,168.125,157.0,195.0,8,0
1105136,1119,each,count/portion,peel,59.555,43.7,79.0,11,0
1105136,1119,each,count/portion,peeled,101.564,71.0,136.0,11,0
1105136,1119,each,count/portion,unpeeled,162.556,115.0,211.0,9,0
1105159,1119,each,count/portion,peel,48.518,38.5,61.8,11,0
1105159,1119,each,count/portion,peeled,104.94,87.3,130.0,10,0
1105159,1119,each,count/portion,unpeeled,156.7,126.0,191.0,10,0
1105181,1119,each,count/portion,peel,58.967,49.5,65.2,9,0
1105181,1119,each,count/portion,peeled,121.375,101.0,138.0,8,0
1105181,1119,each,count/portion,unpeeled,178.125,151.0,202.0,8,0
1105203,1119,each,count/portion,peel,57.117,46.6,67.0,6,0
1105203,1119,each,count/portion,peeled,113.083,93.5,127.0,6,0
1105203,1119,each,count/portion,unpeeled,167.429,143.0,193.0,7,0
1105223,1119,each,count/portion,peel,67.225,60.6,75.4,8,0
1105223,1119,each,count/portion,peeled,123.6,116.0,134.0,5,0
1105223,1119,each,count/portion,unpeeled,189.857,177.0,209.0,7,0
1105243,1119,each,count/portion,peel,54.338,49.6,65.3,8,0
1105243,1119,each,count/portion,peeled,102.975,93.9,117.0,8,0
1105243,1119,each,count/portion,unpeeled,157.25,145.0,182.0,8,0
1105259,1119,each,count/portion,peel,69.214,65.8,73.5,7,0
1105259,1119,each,count/portion,peeled,128.2,120.0,135.0,5,0
1105259,1119,each,count/portion,unpeeled,198.143,185.0,209.0,7,0
1105275,1119,each,count/portion,peel,50.712,42.8,58.0,8,0
1105275,1119,each,count/portion,peeled,99.871,78.0,113.0,7,0
1105275,1119,each,count/portion,unpeeled,150.857,121.0,169.0,7,0
1105295,1119,each,count/portion,peel,56.512,51.1,63.6,8,0
1105295,1119,each,count/portion,peeled,122.8,98.6,141.0,7,0
1105295,1119,each,count/portion,unpeeled,178.0,152.0,201.0,8,0
1105314,1119,each,count/portion,peeled,115.0,115.0,115.0,1,0
319875,1001,tablespoon,volume,,17.9,17.9,17.9,1,0
319880,1001,tablespoon,volume,,18.1,18.1,18.1,1,0
319881,1001,tablespoon,volume,,16.7,16.7,16.7,1,0
319886,1001,tablespoon,volume,,16.6,16.6,16.6,1,0
319889,1001,tablespoon,volume,,17.3,17.3,17.3,1,0
319895,1001,tablespoon,volume,,17.4,17.4,17.4,1,0
319897,1001,tablespoon,volume,,15.7,15.7,15.7,1,0
319902,1001,tablespoon,volume,,16.0,16.0,16.0,1,0
319904,1001,tablespoon,volume,,16.1,16.1,16.1,1,0
319922,1001,tablespoon,volume,,16.8,16.8,16.8,1,0
319924,1001,tablespoon,volume,,16.2,16.2,16.2,1,0
319940,1001,tablespoon,volume,,18.0,18.0,18.0,1,0
319942,1001,tablespoon,volume,,17.9,17.9,17.9,1,0
319959,1001,tablespoon,volume,,17.4,17.4,17.4,1,0
319962,1001,tablespoon,volume,,17.6,17.6,17.6,1,0
319979,1001,tablespoon,volume,,15.2,15.2,15.2,1,0
319980,1001,tablespoon,volume,,16.0,16.0,16.0,1,0
319985,1001,tablespoon,volume,,17.7,17.7,17.7,1,0
319988,1001,tablespoon,volume,,17.8,17.8,17.8,1,0
320006,1001,tablespoon,volume,,16.5,16.5,16.5,1,0
320009,1001,tablespoon,volume,,17.0,17.0,17.0,1,0
320026,1000,cup,volume,,223.0,223.0,223.0,1,0
320032,1000,cup,volume,,224.0,224.0,224.0,1,0
320038,1000,cup,volume,,232.0,232.0,232.0,1,0
320044,1000,cup,volume,,224.0,224.0,224.0,1,0
320063,1000,cup,volume,,228.0,228.0,228.0,1,0
320063,1009,fluid ounce,volume,,30.5,30.5,30.5,1,0
320063,1045,quart,volume,,976.0,976.0,976.0,1,0
320086,1000,cup,volume,,230.0,230.0,230.0,1,0
320105,1000,cup,volume,,217.0,217.0,217.0,1,0
320125,1000,cup,volume,,224.0,224.0,224.0,1,0
320144,1000,cup,volume,,226.0,226.0,226.0,1,0
320166,1000,cup,volume,,220.0,220.0,220.0,1,0
320173,1000,cup,volume,,231.0,231.0,231.0,1,0
320180,1000,cup,volume,,226.0,226.0,226.0,1,0
320186,1000,cup,volume,,228.0,228.0,228.0,1,0
320192,1000,cup,volume,,229.0,229.0,229.0,1,0
320198,1000,cup,volume,,222.0,222.0,222.0,1,0
320204,1000,cup,volume,,229.0,229.0,229.0,1,0
320211,1000,cup,volume,,228.0,228.0,228.0,1,0
320231,1000,cup,volume,,237.0,237.0,237.0,1,0
320254,1000,cup,volume,,228.0,228.0,228.0,1,0
320276,1000,cup,volume,,227.0,227.0,227.0,1,0
320299,1000,cup,volume,,226.0,226.0,226.0,1,0
320308,1000,cup,volume,,231.0,231.0,231.0,1,0
320314,1000,cup,volume,,232.0,232.0,232.0,1,0
320333,1000,cup,volume,,228.0,228.0,228.0,1,0
320354,1046,roast,count/portion,raw,838.0,838.0,838.0,1,0
320355,1054,steak,count/portion,raw,130.0,130.0,130.0,1,0
320358,1046,roast,count/portion,raw,634.0,634.0,634.0,1,0
320359,1046,roast,count/portion,raw,788.0,788.0,788.0,1,0
320360,1046,roast,count/portion,raw,629.0,629.0,629.0,1,0
320361,1046,roast,count/portion,raw,707.0,707.0,707.0,1,0
320362,1046,roast,count/portion,raw,690.0,690.0,690.0,1,0
320363,1046,roast,count/portion,raw,685.0,685.0,685.0,1,0
320364,1046,roast,count/portion,raw,706.0,706.0,706.0,1,0
320365,1046,roast,count/portion,raw,581.0,581.0,581.0,1,0
320366,1046,roast,count/portion,raw,741.0,741.0,741.0,1,0
320367,1046,roast,count/portion,raw,752.0,752.0,752.0,1,0
320368,1046,roast,count/portion,raw,529.0,529.0,529.0,1,0
320369,1054,steak,count/portion,raw,113.0,113.0,113.0,1,0
320370,1054,steak,count/portion,raw,174.0,174.0,174.0,1,0
320371,1054,steak,count/portion,raw,113.0,113.0,113.0,1,0
320372,1054,steak,count/portion,raw,177.0,177.0,177.0,1,0
320373,1054,steak,count/portion,raw,132.0,132.0,132.0,1,0
320374,1054,steak,count/portion,raw,94.2,94.2,94.2,1,0
320375,1054,steak,count/portion,raw,147.0,147.0,147.0,1,0
320376,1054,steak,count/portion,raw,146.0,146.0,146.0,1,0
320377,1054,steak,count/portion,raw,189.0,189.0,189.0,1,0
320378,1054,steak,count/portion,raw,193.0,193.0,193.0,1,0
320379,1054,steak,count/portion,raw,169.0,169.0,169.0,1,0
320444,1000,cup,volume,,155.0,155.0,155.0,1,0
320444,1082,tomato,count/portion,,6.82,6.82,6.82,1,0
320446,1000,cup,volume,,149.0,149.0,149.0,1,0
320446,1082,tomato,count/portion,,10.54,10.540000000000001,10.540000000000001,1,0
320452,1000,cup,volume,,147.0,147.0,147.0,1,0
320452,1082,tomato,count/portion,,5.24,5.24,5.24,1,1
320454,1000,cup,volume,,152.0,152.0,152.0,1,0
320454,1082,tomato,count/portion,,10.1,10.1,10.1,1,0
320461,1000,cup,volume,,141.0,141.0,141.0,1,0
320461,1082,tomato,count/portion,,10.46,10.459999999999999,10.459999999999999,1,0
320463,1000,cup,volume,,148.0,148.0,148.0,1,0
320463,1082,tomato,count/portion,,10.02,10.02,10.02,1,0
320477,1000,cup,volume,,157.0,157.0,157.0,1,0
320477,1082,tomato,count/portion,,9.16,9.16,9.16,1,0
320481,1000,cup,volume,,147.0,147.0,147.0,1,0
320481,1082,tomato,count/portion,,9.08,9.08,9.08,1,0
320513,1000,cup,volume,,156.0,156.0,156.0,1,0
320513,1082,tomato,count/portion,,18.34,18.34,18.34,1,1
320515,1000,cup,volume,,161.0,161.0,161.0,1,0
320515,1082,tomato,count/portion,,10.4,10.4,10.4,1,0
321358,1001,tablespoon,volume,,16.95,16.95,16.95,1,0
321359,1000,cup,volume,,227.0,227.0,227.0,1,0
321359,1009,fluid ounce,volume,,30.5,30.5,30.5,1,0
321359,1045,quart,volume,,976.0,976.0,976.0,1,0
321360,1000,cup,volume,,152.0,152.0,152.0,1,0
321360,1082,tomato,count/portion,,9.94,9.940000000000001,9.940000000000001,1,0
321362,1002,teaspoon,volume,,6.6,6.6,6.6,1,0
321368,1002,teaspoon,volume,,5.8,5.8,5.8,1,0
321374,1002,teaspoon,volume,,6.0,6.0,6.0,1,0
321380,1002,teaspoon,volume,,5.9,5.9,5.9,1,0
321385,1002,teaspoon,volume,,6.1,6.1,6.1,1,0
321390,1002,teaspoon,volume,,6.0,6.0,6.0,1,0
321395,1002,teaspoon,volume,,6.5,6.5,6.5,1,0
321401,1002,teaspoon,volume,,6.2,6.2,6.2,1,0
321407,1002,teaspoon,volume,,6.0,6.0,6.0,1,0
321413,1002,teaspoon,volume,,6.0,6.0,6.0,1,0
321418,1002,teaspoon,volume,,5.7,5.7,5.7,1,0
321424,1002,teaspoon,volume,,6.5,6.5,6.5,1,0
321430,1002,teaspoon,volume,,6.2,6.2,6.2,1,0
321436,1002,teaspoon,volume,,5.9,5.9,5.9,1,0
321442,1002,teaspoon,volume,,6.4,6.4,6.4,1,0
321447,1002,teaspoon,volume,,6.6,6.6,6.6,1,0
321453,1002,teaspoon,volume,,6.2,6.2,6.2,1,0
321459,1002,teaspoon,volume,,6.0,6.0,6.0,1,0
321465,1002,teaspoon,volume,,5.9,5.9,5.9,1,0
321476,1002,teaspoon,volume,,6.3,6.3,6.3,1,0
321482,1002,teaspoon,volume,,5.7,5.7,5.7,1,0
321488,1002,teaspoon,volume,,5.7,5.7,5.7,1,0
321494,1002,teaspoon,volume,,6.0,6.0,6.0,1,0
321500,1002,teaspoon,volume,,5.8,5.8,5.8,1,0
321505,1002,teaspoon,volume,,6.1,6.1,6.1,1,0
321507,1000,cup,volume,drained,132.0,132.0,132.0,1,0
321509,1000,cup,volume,drained,130.0,130.0,130.0,1,0
321514,1000,cup,volume,drained,133.0,133.0,133.0,1,0
321516,1000,cup,volume,drained,130.0,130.0,130.0,1,0
321522,1000,cup,volume,drained,130.0,130.0,130.0,1,0
321524,1000,cup,volume,drained,131.0,131.0,131.0,1,0
321529,1000,cup,volume,drained,125.0,125.0,125.0,1,0
321532,1000,cup,volume,drained,135.0,135.0,135.0,1,0
321539,1000,cup,volume,drained,134.0,134.0,134.0,1,0
321542,1000,cup,volume,drained,128.0,128.0,128.0,1,0
321548,1000,cup,volume,drained,125.0,125.0,125.0,1,0
321551,1000,cup,volume,drained,127.0,127.0,127.0,1,0
321558,1000,cup,volume,drained,131.0,131.0,131.0,1,0
321561,1000,cup,volume,drained,124.0,124.0,124.0,1,0
321563,1000,cup,volume,drained,128.0,128.0,128.0,1,0
321567,1000,cup,volume,drained,134.0,134.0,134.0,1,0
321574,1000,cup,volume,drained,127.0,127.0,127.0,1,0
321577,1000,cup,volume,drained,125.0,125.0,125.0,1,0
321585,1000,cup,volume,drained,124.0,124.0,124.0,1,0
321586,1000,cup,volume,drained,128.0,128.0,128.0,1,0
321592,1000,cup,volume,drained,128.0,128.0,128.0,1,0
321595,1000,cup,volume,drained,130.0,130.0,130.0,1,0
321602,1000,cup,volume,drained,125.0,125.0,125.0,1,0
321605,1000,cup,volume,drained,129.0,129.0,129.0,1,0
321611,1000,cup,volume,drained,129.0,129.0,129.0,1,0
321676,1000,cup,volume,chopped,76.0,76.0,76.0,1,0
321676,1053,stalk,count/portion,,233.0,233.0,233.0,1,0
321846,1000,cup,volume,"cooked, chopped",114.0,114.0,114.0,1,0
321846,1053,stalk,count/portion,cooked,242.0,242.0,242.0,1,0
321900,1000,cup,volume,chopped,76.0,76.0,76.0,1,0
321902,1000,cup,volume,,238.0,238.0,238.0,1,0
321908,1000,cup,volume,,221.0,221.0,221.0,1,0
321914,1000,cup,volume,,223.0,223.0,223.0,1,0
321921,1000,cup,volume,,232.0,232.0,232.0,1,0
321941,1000,cup,volume,,227.0,227.0,227.0,1,0
321960,1000,cup,volume,,239.0,239.0,239.0,1,0
321979,1000,cup,volume,,250.0,250.0,250.0,1,0
322002,1000,cup,volume,,251.0,251.0,251.0,1,0
322002,1009,fluid ounce,volume,,30.5,30.5,30.5,1,0
322002,1045,quart,volume,,976.0,976.0,976.0,1,0
322021,1000,cup,volume,,232.0,232.0,232.0,1,0
322044,1000,cup,volume,,242.0,242.0,242.0,1,0
322050,1000,cup,volume,,227.0,227.0,227.0,1,0
322056,1000,cup,volume,,230.0,230.0,230.0,1,0
322062,1000,cup,volume,,230.0,230.0,230.0,1,0
322068,1000,cup,volume,,232.0,232.0,232.0,1,0
322074,1000,cup,volume,,231.0,231.0,231.0,1,0
322080,1000,cup,volume,,226.0,226.0,226.0,1,0
322086,1000,cup,volume,,229.0,229.0,229.0,1,0
322106,1000,cup,volume,,230.0,230.0,230.0,1,0
322129,1000,cup,volume,,242.0,242.0,242.0,1,0
322151,1000,cup,volume,,237.0,237.0,237.0,1,0
322174,1000,cup,volume,,221.0,221.0,221.0,1,0
322183,1000,cup,volume,,230.0,230.0,230.0,1,0
322189,1000,cup,volume,,233.0,233.0,233.0,1,0
322208,1000,cup,volume,,232.0,232.0,232.0,1,0
322228,1000,cup,volume,,233.0,233.0,233.0,1,0
322228,1009,fluid ounce,volume,,30.5,30.5,30.5,1,0
322228,1045,quart,volume,,976.0,976.0,976.0,1,0
322230,1000,cup,volume,,222.0,222.0,222.0,1,0
322230,1009,fluid ounce,volume,,30.6,30.6,30.6,1,1
322230,1045,quart,volume,,980.0,980.0,980.0,1,1
322237,1000,cup,volume,,231.0,231.0,231.0,1,0
322244,1000,cup,volume,,227.0,227.0,227.0,1,0
322250,1000,cup,volume,,231.0,231.0,231.0,1,0
322269,1000,cup,volume,,225.0,225.0,225.0,1,0
322288,1000,cup,volume,,223.0,223.0,223.0,1,0
322307,1000,cup,volume,,232.0,232.0,232.0,1,0
322330,1000,cup,volume,,224.0,224.0,224.0,1,0
322350,1000,cup,volume,,236.0,236.0,236.0,1,0
322374,1000,cup,volume,,233.0,233.0,233.0,1,0
322380,1000,cup,volume,,229.0,229.0,229.0,1,0
322387,1000,cup,volume,,228.0,228.0,228.0,1,0
322393,1000,cup,volume,,228.0,228.0,228.0,1,0
322399,1000,cup,volume,,233.0,233.0,233.0,1,0
322405,1000,cup,volume,,229.0,229.0,229.0,1,0
322411,1000,cup,volume,,233.0,233.0,233.0,1,0
322417,1000,cup,volume,,227.0,227.0,227.0,1,0
322440,1000,cup,volume,,237.0,237.0,237.0,1,0
322449,1000,cup,volume,,229.0,229.0,229.0,1,0
322472,1000,cup,volume,,230.0,230.0,230.0,1,0
322493,1000,cup,volume,,229.0,229.0,229.0,1,0
322515,1000,cup,volume,,229.0,229.0,229.0,1,0
322521,1000,cup,volume,,228.0,228.0,228.0,1,0
322540,1000,cup,volume,,229.0,229.0,229.0,1,0
322559,1000,cup,volume,,229.0,229.0,229.0,1,0
322559,1009,fluid ounce,volume,,30.6,30.6,30.6,1,1
322559,1045,quart,volume,,980.0,980.0,980.0,1,1
322561,1000,cup,volume,,235.5,227.0,244.0,2,0
322561,1001,tablespoon,volume,,15.0,15.0,15.0,1,0
322561,1009,fluid ounce,volume,,30.5,30.5,30.5,1,0
322561,1045,quart,volume,,976.0,976.0,976.0,1,0
322567,1000,cup,volume,,219.0,219.0,219.0,1,0
322589,1000,cup,volume,,228.0,228.0,228.0,1,0
322613,1000,cup,volume,,225.0,225.0,225.0,1,0
322629,1000,cup,volume,,231.0,231.0,231.0,1,0
322648,1000,cup,volume,,224.0,224.0,224.0,1,0
322667,1000,cup,volume,,228.0,228.0,228.0,1,0
322690,1000,cup,volume,,222.0,222.0,222.0,1,0
322697,1000,cup,volume,,234.0,234.0,234.0,1,0
322703,1000,cup,volume,,225.0,225.0,225.0,1,0
322709,1000,cup,volume,,229.0,229.0,229.0,1,0
322716,1000,cup,volume,,232.0,232.0,232.0,1,0
322722,1000,cup,volume,,229.0,229.0,229.0,1,0
322728,1000,cup,volume,,224.0,224.0,224.0,1,0
322735,1000,cup,volume,,228.0,228.0,228.0,1,0
322741,1000,cup,volume,,253.0,253.0,253.0,1,0
322764,1000,cup,volume,,226.0,226.0,226.0,1,0
322770,1000,cup,volume,,221.0,221.0,221.0,1,0
322794,1000,cup,volume,,232.0,232.0,232.0,1,0
322815,1000,cup,volume,,229.0,229.0,229.0,1,0
322837,1000,cup,volume,,224.0,224.0,224.0,1,0
322843,1000,cup,volume,,230.0,230.0,230.0,1,0
322852,1000,cup,volume,,228.0,228.0,228.0,1,0
322872,1000,cup,volume,,229.0,229.0,229.0,1,0
322892,1000,cup,volume,,229.0,229.0,229.0,1,0
322892,1001,tablespoon,volume,,15.0,15.0,15.0,1,0
322892,1009,fluid ounce,volume,,30.5,30.5,30.5,1,0
322892,1045,quart,volume,,976.0,976.0,976.0,1,0
322894,1043,piece,count/portion,,48.1,48.1,48.1,1,0
322900,1043,piece,count/portion,,46.6,46.6,46.6,1,0
322903,1043,piece,count/portion,,46.5,46.5,46.5,1,0
322911,1043,piece,count/portion,,47.7,47.7,47.7,1,0
322914,1043,piece,count/portion,,46.6,46.6,46.6,1,0
322921,1043,piece,count/portion,,47.7,47.7,47.7,1,0
322924,1043,piece,count/portion,,47.7,47.7,47.7,1,0
322938,1043,piece,count/portion,,47.7,47.7,47.7,1,0
322941,1043,piece,count/portion,,47.4,47.4,47.4,1,0
322956,1043,piece,count/portion,,51.9,51.9,51.9,1,0
322959,1043,piece,count/portion,,54.1,54.1,54.1,1,0
322966,1043,piece,count/portion,,55.6,55.6,55.6,1,0
322973,1043,piece,count/portion,,47.5,47.5,47.5,1,0
322976,1043,piece,count/portion,,47.3,47.3,47.3,1,0
322993,1043,piece,count/portion,,50.6,50.6,50.6,1,0
322996,1043,piece,count/portion,,52.5,52.5,52.5,1,0
323011,1043,piece,count/portion,,42.6,42.6,42.6,1,0
323013,1043,piece,count/portion,,52.3,52.3,52.3,1,0
323028,1043,piece,count/portion,,55.6,55.6,55.6,1,0
323031,1043,piece,count/portion,,52.9,52.9,52.9,1,0
323045,1043,piece,count/portion,,47.4,47.4,47.4,1,0
323048,1043,piece,count/portion,,48.3,48.3,48.3,1,0
323055,1043,piece,count/portion,,47.4,47.4,47.4,1,0
323058,1043,piece,count/portion,,46.6,46.6,46.6,1,0
323070,1043,piece,count/portion,,48.3,48.3,48.3,1,0
323073,1043,piece,count/portion,,47.3,47.3,47.3,1,0
323086,1043,piece,count/portion,,46.7,46.7,46.7,1,0
323089,1043,piece,count/portion,,46.7,46.7,46.7,1,0
323096,1043,piece,count/portion,,47.5,47.5,47.5,1,0
323099,1043,piece,count/portion,,47.7,47.7,47.7,1,0
323106,1043,piece,count/portion,,46.8,46.8,46.8,1,0
323108,1043,piece,count/portion,,47.2,47.2,47.2,1,0
323121,1043,piece,count/portion,,48.6,48.6,48.6,1,0
323123,1000,cup,volume,whole,137.0,137.0,137.0,1,0
323125,1000,cup,volume,whole,137.0,137.0,137.0,1,0
323130,1000,cup,volume,whole,137.0,137.0,137.0,1,0
323132,1000,cup,volume,whole,133.0,133.0,133.0,1,0
323138,1000,cup,volume,whole,138.0,138.0,138.0,1,0
323140,1000,cup,volume,whole,135.0,135.0,135.0,1,0
323147,1000,cup,volume,whole,139.0,139.0,139.0,1,0
323150,1000,cup,volume,whole,137.0,137.0,137.0,1,0
323162,1000,cup,volume,whole,134.0,134.0,134.0,1,0
323164,1000,cup,volume,whole,136.0,136.0,136.0,1,0
323179,1000,cup,volume,whole,130.0,130.0,130.0,1,0
323183,1000,cup,volume,whole,131.0,131.0,131.0,1,0
323190,1000,cup,volume,whole,137.0,137.0,137.0,1,0
323192,1000,cup,volume,whole,137.0,137.0,137.0,1,0
323206,1000,cup,volume,whole,131.0,131.0,131.0,1,0
323213,1000,cup,volume,whole,130.0,130.0,130.0,1,0
323216,1000,cup,volume,whole,130.0,130.0,130.0,1,0
323231,1000,cup,volume,whole,128.0,128.0,128.0,1,0
323234,1000,cup,volume,whole,129.0,129.0,129.0,1,0
323251,1000,cup,volume,whole,138.0,138.0,138.0,1,0
323266,1000,cup,volume,whole,138.0,138.0,138.0,1,0
323268,1000,cup,volume,whole,134.0,134.0,134.0,1,0
323281,1000,cup,volume,whole,132.0,132.0,132.0,1,0
323282,1000,cup,volume,whole,140.0,140.0,140.0,1,0
323294,1000,cup,volume,whole,135.0,135.0,135.0,1,0
323296,1000,cup,volume,,333.5,333.5,333.5,1,0
323297,1000,cup,volume,,330.5,330.49999999999994,330.49999999999994,1,0
323305,1000,cup,volume,,297.5,297.5,297.5,1,0
323312,1000,cup,volume,,346.0,346.0,346.0,1,0
323314,1000,cup,volume,,335.0,335.0,335.0,1,0
323327,1000,cup,volume,,333.5,333.5,333.5,1,0
323329,1000,cup,volume,,342.5,342.5,342.5,1,0
323343,1000,cup,volume,,320.5,320.49999999999994,320.49999999999994,1,0
323345,1000,cup,volume,,303.5,303.5,303.5,1,0
323362,1000,cup,volume,,314.5,314.5,314.5,1,0
323364,1000,cup,volume,,306.5,306.49999999999994,306.49999999999994,1,0
323371,1000,cup,volume,,318.0,318.0,318.0,1,0
323373,1000,cup,volume,,306.5,306.49999999999994,306.49999999999994,1,0
323379,1000,cup,volume,,309.0,308.99999999999994,308.99999999999994,1,0
323381,1000,cup,volume,,317.0,317.0,317.0,1,0
323394,1000,cup,volume,,312.0,312.0,312.0,1,0
323396,1000,cup,volume,,325.5,325.49999999999994,325.49999999999994,1,0
323409,1000,cup,volume,,327.0,327.0,327.0,1,0
323410,1000,cup,volume,,327.5,327.5,327.5,1,0
323426,1000,cup,volume,,334.0,333.99999999999994,333.99999999999994,1,0
323427,1000,cup,volume,,300.25,258.0,342.5,2,0
323444,1000,cup,volume,,320.045,258.0,322.99999999999994,2,0
323446,1000,cup,volume,"pieces of ~1""",17.4,17.4,17.4,1,0
323446,1011,paired raw w,special,,263.0,263.0,263.0,1,0
323447,1000,cup,volume,"pieces of ~1""",20.8,20.8,20.8,1,0
323447,1011,paired raw w,special,,448.0,448.0,448.0,1,0
323452,1000,cup,volume,"pieces of ~1""",17.2,17.2,17.2,1,0
323452,1011,paired raw w,special,,1340.0,1340.0,1340.0,1,1
323453,1000,cup,volume,"pieces of ~1""",20.0,20.0,20.0,1,0
323453,1011,paired raw w,special,,727.0,727.0,727.0,1,1
323459,1000,cup,volume,"pieces of ~1""",22.2,22.2,22.2,1,0
323459,1011,paired raw w,special,,307.0,307.0,307.0,1,0
323460,1000,cup,volume,"pieces of ~1""",23.0,23.0,23.0,1,0
323460,1011,paired raw w,special,,293.0,293.0,293.0,1,0
323474,1000,cup,volume,"pieces of ~1""",23.6,23.6,23.6,1,0
323474,1011,paired raw w,special,,480.0,480.0,480.0,1,0
323491,1000,cup,volume,"pieces of ~1""",20.7,20.7,20.7,1,0
323491,1011,paired raw w,special,,897.0,897.0,897.0,1,1
323492,1000,cup,volume,"pieces of ~1""",20.4,20.4,20.4,1,0
323492,1011,paired raw w,special,,638.0,638.0,638.0,1,1
323505,1000,cup,volume,"pieces of ~1""",20.6,20.6,20.6,1,0
323556,1000,cup,volume,,243.0,243.0,243.0,1,0
323563,1038,ounce,weight,,28.4,28.4,28.4,1,0
323604,1038,ounce,weight,,28.4,28.4,28.4,1,0
323635,1038,ounce,weight,,28.4,28.4,28.4,1,0
323647,1000,cup,volume,,243.0,243.0,243.0,1,0
323697,1038,ounce,weight,,28.4,28.4,28.4,1,0
323775,1000,cup,volume,sifted,107.0,107.0,107.0,1,0
323775,1001,tablespoon,volume,,7.0,7.0,7.0,1,0
323775,1038,ounce,weight,,28.4,28.4,28.4,1,0
323788,1000,cup,volume,,107.0,107.0,107.0,1,0
323788,1001,tablespoon,volume,,7.0,7.0,7.0,1,0
323793,1000,cup,volume,sifted,107.0,107.0,107.0,1,0
323793,1001,tablespoon,volume,,7.0,7.0,7.0,1,0
323819,1000,cup,volume,,259.0,259.0,259.0,1,0
323819,1001,tablespoon,volume,,18.0,18.0,18.0,1,0
323888,1001,tablespoon,volume,,17.35,17.35,17.35,1,0
323889,1001,tablespoon,volume,,17.2,17.2,17.2,1,0
323898,1001,tablespoon,volume,,16.85,16.85,16.85,1,0
323899,1001,tablespoon,volume,,16.95,16.95,16.95,1,0
323906,1001,tablespoon,volume,,17.2,17.2,17.2,1,0
323909,1001,tablespoon,volume,,17.0,17.0,17.0,1,0
323916,1001,tablespoon,volume,,18.6,18.6,18.6,1,0
323917,1001,tablespoon,volume,,18.15,18.15,18.15,1,0
323932,1001,tablespoon,volume,,17.85,17.85,17.85,1,0
323935,1001,tablespoon,volume,,19.3,19.3,19.3,1,0
323950,1001,tablespoon,volume,,19.65,19.65,19.65,1,0
323951,1001,tablespoon,volume,,18.15,18.15,18.15,1,0
323964,1001,tablespoon,volume,,19.1,19.1,19.1,1,0
323965,1001,tablespoon,volume,,17.95,17.95,17.95,1,0
323973,1001,tablespoon,volume,,17.25,17.25,17.25,1,0
323974,1001,tablespoon,volume,,16.5,16.5,16.5,1,0
323989,1001,tablespoon,volume,,18.5,18.5,18.5,1,0
323991,1001,tablespoon,volume,,18.3,18.3,18.3,1,0
324006,1001,tablespoon,volume,,17.75,17.75,17.75,1,0
324007,1001,tablespoon,volume,,17.9,17.9,17.9,1,0
324013,1001,tablespoon,volume,,17.2,17.2,17.2,1,0
324014,1001,tablespoon,volume,,18.45,18.45,18.45,1,0
324022,1001,tablespoon,volume,,17.1,17.1,17.1,1,0
324023,1001,tablespoon,volume,,18.2,18.2,18.2,1,0
324038,1001,tablespoon,volume,,17.85,17.85,17.85,1,0
324040,1033,link,count/portion,,16.6,16.6,16.6,1,0
324045,1033,link,count/portion,,19.2,19.2,19.2,1,0
324054,1043,piece,count/portion,large sausage not a link,148.0,148.0,148.0,1,0
324072,1033,link,count/portion,,24.0,24.0,24.0,1,0
324092,1033,link,count/portion,,15.7,15.7,15.7,1,0
324097,1033,link,count/portion,,17.9,17.9,17.9,1,0
324114,1033,link,count/portion,,18.0,18.0,18.0,1,0
324119,1033,link,count/portion,,19.2,19.2,19.2,1,0
324143,1033,link,count/portion,,18.1,18.1,18.1,1,0
324157,1033,link,count/portion,,18.6,18.6,18.6,1,0
324160,1043,piece,count/portion,,15.4,15.4,15.4,1,0
324161,1043,piece,count/portion,,13.6,13.6,13.6,1,0
324167,1043,piece,count/portion,,11.2,11.2,11.2,1,0
324171,1043,piece,count/portion,,21.0,21.0,21.0,1,0
324174,1043,piece,count/portion,,38.6,38.6,38.6,1,0
324178,1043,piece,count/portion,,16.2,16.2,16.2,1,0
324180,1043,piece,count/portion,,19.5,19.5,19.5,1,0
324196,1043,piece,count/portion,,32.7,32.7,32.7,1,0
324197,1043,piece,count/portion,,23.6,23.6,23.6,1,0
324215,1043,piece,count/portion,,18.5,18.5,18.5,1,0
324217,1043,piece,count/portion,,19.0,19.0,19.0,1,0
324234,1043,piece,count/portion,,12.6,12.6,12.6,1,0
324235,1043,piece,count/portion,,24.9,24.9,24.9,1,0
324255,1043,piece,count/portion,,15.4,15.4,15.4,1,0
324256,1043,piece,count/portion,,13.6,13.6,13.6,1,0
324261,1043,piece,count/portion,,14.1,14.1,14.1,1,0
324262,1043,piece,count/portion,,23.5,23.5,23.5,1,0
324280,1043,piece,count/portion,,22.4,22.4,22.4,1,0
324281,1043,piece,count/portion,,28.2,28.2,28.2,1,0
324298,1043,piece,count/portion,,16.2,16.2,16.2,1,0
324299,1043,piece,count/portion,,23.5,23.5,23.5,1,0
324317,1043,piece,count/portion,,20.2,20.2,20.2,1,0
324319,9999,undetermined,special,,66.5,66.5,66.5,1,0
324320,9999,undetermined,special,,45.6,45.6,45.6,1,0
324328,9999,undetermined,special,,51.3,51.3,51.3,1,0
324329,9999,undetermined,special,,68.4,68.4,68.4,1,0
324333,9999,undetermined,special,,40.8,40.8,40.8,1,0
324335,9999,undetermined,special,,44.8,44.8,44.8,1,0
324341,9999,undetermined,special,,23.0,23.0,23.0,1,0
324342,9999,undetermined,special,,43.2,43.2,43.2,1,0
324353,9999,undetermined,special,,41.6,41.6,41.6,1,0
324356,9999,undetermined,special,,22.7,22.7,22.7,1,0
324360,9999,undetermined,special,,36.0,36.0,36.0,1,0
324363,9999,undetermined,special,,26.1,26.1,26.1,1,0
324368,9999,undetermined,special,,48.2,48.2,48.2,1,0
324369,9999,undetermined,special,,55.1,55.1,55.1,1,0
324385,9999,undetermined,special,,54.1,54.1,54.1,1,0
324387,9999,undetermined,special,,58.0,58.0,58.0,1,0
324403,9999,undetermined,special,,25.7,25.7,25.7,1,0
324404,9999,undetermined,special,,27.2,27.2,27.2,1,0
324415,9999,undetermined,special,,27.3,27.3,27.3,1,0
324416,9999,undetermined,special,,33.1,33.1,33.1,1,0
324422,9999,undetermined,special,,27.5,27.5,27.5,1,0
324425,9999,undetermined,special,,34.4,34.4,34.4,1,0
324441,9999,undetermined,special,,46.5,46.5,46.5,1,0
324442,9999,undetermined,special,,49.9,49.9,49.9,1,0
324448,9999,undetermined,special,,50.4,50.4,50.4,1,0
324449,9999,undetermined,special,,48.8,48.8,48.8,1,0
324453,9999,undetermined,special,,49.6,49.6,49.6,1,0
324454,9999,undetermined,special,,55.8,55.8,55.8,1,0
324460,9999,undetermined,special,,60.5,60.5,60.5,1,0
324461,9999,undetermined,special,,33.3,33.3,33.3,1,0
324473,9999,undetermined,special,,36.0,36.0,36.0,1,0
324475,9999,undetermined,special,,48.3,48.3,48.3,1,0
324487,9999,undetermined,special,,27.7,27.7,27.7,1,0
324488,9999,undetermined,special,,43.9,43.9,43.9,1,0
324503,1077,spear,count/portion,,24.2,24.2,24.2,1,0
324504,1077,spear,count/portion,,34.2,34.2,34.2,1,0
324509,1077,spear,count/portion,,24.6,24.6,24.6,1,0
324510,1077,spear,count/portion,,18.7,18.7,18.7,1,0
324517,9999,undetermined,special,,49.3,49.3,49.3,1,0
324518,9999,undetermined,special,,42.7,42.7,42.7,1,0
324530,1077,spear,count/portion,,25.8,25.8,25.8,1,0
324532,1077,spear,count/portion,,29.1,29.1,29.1,1,0
324538,1077,spear,count/portion,,34.1,34.1,34.1,1,0
324540,1077,spear,count/portion,,20.9,20.9,20.9,1,0
324546,1077,spear,count/portion,,25.6,25.6,25.6,1,0
324548,1077,spear,count/portion,,23.6,23.6,23.6,1,0
324554,1077,spear,count/portion,,22.5,22.5,22.5,1,0
324556,1077,spear,count/portion,,34.3,34.3,34.3,1,0
324562,1077,spear,count/portion,,33.6,33.6,33.6,1,0
324563,1077,spear,count/portion,,69.5,69.5,69.5,1,0
324568,1077,spear,count/portion,,32.0,32.0,32.0,1,0
324570,1077,spear,count/portion,,45.8,45.8,45.8,1,0
324576,1077,spear,count/portion,,37.3,37.3,37.3,1,0
324578,1077,spear,count/portion,,36.2,36.2,36.2,1,0
324583,1077,spear,count/portion,,58.2,58.2,58.2,1,0
324585,1077,spear,count/portion,,57.1,57.1,57.1,1,0
324591,1077,spear,count/portion,,56.3,56.3,56.3,1,0
324593,1077,spear,count/portion,,47.6,47.6,47.6,1,0
324599,1077,spear,count/portion,,45.6,45.6,45.6,1,0
324601,1077,spear,count/portion,,43.3,43.3,43.3,1,0
324607,1077,spear,count/portion,,58.1,58.1,58.1,1,0
324608,1077,spear,count/portion,,44.9,44.9,44.9,1,0
324614,1077,spear,count/portion,,40.8,40.8,40.8,1,0
324616,1077,spear,count/portion,,69.0,69.0,69.0,1,0
324622,1077,spear,count/portion,,54.5,54.5,54.5,1,0
324624,1077,spear,count/portion,,48.4,48.4,48.4,1,0
324630,1077,spear,count/portion,,46.3,46.3,46.3,1,0
324632,1077,spear,count/portion,,41.7,41.7,41.7,1,0
324638,1077,spear,count/portion,,51.1,51.1,51.1,1,0
324640,1077,spear,count/portion,,54.4,54.4,54.4,1,0
324646,1077,spear,count/portion,,29.4,29.4,29.4,1,0
324648,1077,spear,count/portion,,36.5,36.5,36.5,1,0
324653,1077,spear,count/portion,,40.4,40.4,40.4,1,0
324734,1000,cup,volume,,258.0,258.0,258.0,1,0
324734,1001,tablespoon,volume,,16.0,16.0,16.0,1,0
324855,1000,cup,volume,,258.0,258.0,258.0,1,0
324855,1001,tablespoon,volume,,16.0,16.0,16.0,1,0
324860,1000,cup,volume,,258.0,258.0,258.0,1,0
324860,1001,tablespoon,volume,,16.0,16.0,16.0,1,0
324862,1001,tablespoon,volume,,7.8,7.8,7.8,1,0
324864,1001,tablespoon,volume,,7.2,7.2,7.2,1,0
324872,1001,tablespoon,volume,,7.4,7.4,7.4,1,0
324874,1001,tablespoon,volume,,7.5,7.5,7.5,1,0
324885,1001,tablespoon,volume,,7.3,7.3,7.3,1,0
324887,1001,tablespoon,volume,,7.2,7.2,7.2,1,0
324894,1001,tablespoon,volume,,6.7,6.7,6.7,1,0
324896,1000,cup,volume,,100.0,100.0,100.0,1,0
324897,1001,tablespoon,volume,,7.2,7.2,7.2,1,0
324914,1001,tablespoon,volume,,7.8,7.8,7.8,1,0
324922,1001,tablespoon,volume,,7.3,7.3,7.3,1,0
324927,1001,tablespoon,volume,,7.6,7.6,7.6,1,0
324941,1001,tablespoon,volume,,7.5,7.5,7.5,1,0
324942,1001,tablespoon,volume,,7.5,7.5,7.5,1,0
324961,1001,tablespoon,volume,,7.4,7.4,7.4,1,0
324962,1001,tablespoon,volume,,8.0,8.0,8.0,1,0
324971,1001,tablespoon,volume,,7.6,7.6,7.6,1,0
324974,1001,tablespoon,volume,,7.7,7.7,7.7,1,0
324991,1001,tablespoon,volume,,7.3,7.3,7.3,1,0
324994,1001,tablespoon,volume,,7.2,7.2,7.2,1,0
325010,1001,tablespoon,volume,,8.3,8.3,8.3,1,0
325011,1001,tablespoon,volume,,7.7,7.7,7.7,1,0
325021,1001,tablespoon,volume,,8.3,8.3,8.3,1,0
325023,1001,tablespoon,volume,,8.9,8.9,8.9,1,0
325036,1001,tablespoon,volume,,7.6,7.6,7.6,1,0
325038,1050,slice,count/portion,,28.8,28.8,28.8,1,0
325040,1050,slice,count/portion,,19.6,19.6,19.6,1,0
325047,1050,slice,count/portion,,17.7,17.7,17.7,1,0
325050,1050,slice,count/portion,,20.9,20.9,20.9,1,0
325062,1050,slice,count/portion,,21.4,21.4,21.4,1,0
325065,1050,slice,count/portion,,18.6,18.6,18.6,1,0
325079,1050,slice,count/portion,,21.7,21.7,21.7,1,0
325097,1050,slice,count/portion,,21.0,21.0,21.0,1,0
325098,1050,slice,count/portion,,21.7,21.7,21.7,1,0
325103,1050,slice,count/portion,,20.5,20.5,20.5,1,0
325109,1050,slice,count/portion,,18.2,18.2,18.2,1,0
325110,1050,slice,count/portion,,18.5,18.5,18.5,1,0
325120,1050,slice,count/portion,,21.2,21.2,21.2,1,0
325123,1050,slice,count/portion,,18.8,18.8,18.8,1,0
325134,1050,slice,count/portion,,19.2,19.2,19.2,1,0
325135,1050,slice,count/portion,,19.4,19.4,19.4,1,0
325140,1050,slice,count/portion,,21.9,21.9,21.9,1,0
325142,1050,slice,count/portion,,21.2,21.2,21.2,1,0
325149,1050,slice,count/portion,,21.6,21.6,21.6,1,0
325165,1050,slice,count/portion,,21.0,21.0,21.0,1,0
325166,1050,slice,count/portion,,20.8,20.8,20.8,1,0
325171,1050,slice,count/portion,,16.6,16.6,16.6,1,0
325187,1050,slice,count/portion,,24.1,24.1,24.1,1,0
325198,1050,slice,count/portion,,20.6,20.6,20.6,1,0
325200,1000,cup,volume,,260.0,260.0,260.0,1,0
325204,1000,cup,volume,,263.0,263.0,263.0,1,0
325205,1000,cup,volume,,266.0,266.0,266.0,1,0
325209,1000,cup,volume,,255.0,255.0,255.0,1,0
325210,1000,cup,volume,,261.0,261.0,261.0,1,0
325220,1000,cup,volume,,222.0,222.0,222.0,1,0
325225,1000,cup,volume,,260.0,260.0,260.0,1,0
325226,1000,cup,volume,,261.0,261.0,261.0,1,0
325237,1000,cup,volume,,261.0,261.0,261.0,1,0
325238,1000,cup,volume,,262.0,262.0,262.0,1,0
325249,1000,cup,volume,,263.0,263.0,263.0,1,0
325253,1000,cup,volume,,220.0,220.0,220.0,1,0
325254,1000,cup,volume,,259.0,259.0,259.0,1,0
325264,1000,cup,volume,,270.0,270.0,270.0,1,0
325265,1000,cup,volume,,268.0,268.0,268.0,1,0
325277,1000,cup,volume,,262.0,262.0,262.0,1,0
325278,1000,cup,volume,,261.0,261.0,261.0,1,0
325287,1000,cup,volume,,257.0,257.0,257.0,1,0
325415,1000,cup,volume,slices with skin,154.0,154.0,154.0,1,0
325415,1028,fruit,count/portion,"extra large (3"" dia)",225.0,225.0,225.0,1,0
325415,1028,fruit,count/portion,"large (2-3/4"" dia)",173.0,173.0,173.0,1,0
325415,1028,fruit,count/portion,"medium (2-2/3"" dia)",161.0,161.0,161.0,1,0
325415,1028,fruit,count/portion,"small (2-1/2"" dia)",147.0,147.0,147.0,1,0
325415,1049,serving,count/portion,nlea,147.0,147.0,147.0,1,0
325430,1000,cup,volume,slices with skin,154.0,154.0,154.0,1,0
325430,1028,fruit,count/portion,"extra large (3"" dia)",225.0,225.0,225.0,1,0
325430,1028,fruit,count/portion,"large (2-3/4"" dia)",173.0,173.0,173.0,1,0
325430,1028,fruit,count/portion,"medium (2-2/3"" dia)",161.0,161.0,161.0,1,0
325430,1028,fruit,count/portion,"small (2-1/2"" dia)",147.0,147.0,147.0,1,0
325430,1049,serving,count/portion,nlea,147.0,147.0,147.0,1,0
325432,1000,cup,volume,,134.0,134.0,134.0,1,0
325435,1000,cup,volume,,125.0,125.0,125.0,1,0
325440,1000,cup,volume,,126.0,126.0,126.0,1,0
325450,1000,cup,volume,,124.0,124.0,124.0,1,0
325454,1000,cup,volume,,133.0,133.0,133.0,1,0
325461,1000,cup,volume,,129.0,129.0,129.0,1,0
325463,1000,cup,volume,,124.0,124.0,124.0,1,0
325480,1000,cup,volume,,135.0,135.0,135.0,1,0
325484,1000,cup,volume,,119.0,119.0,119.0,1,0
325503,1000,cup,volume,,130.0,130.0,130.0,1,0
325507,1000,cup,volume,,121.0,121.0,121.0,1,0
325524,1000,cup,volume,,127.0,127.0,127.0,1,0
325526,1033,link,count/portion,medium,88.0,88.0,88.0,1,0
325528,1033,link,count/portion,medium,55.0,55.0,55.0,1,0
325534,1033,link,count/portion,medium,82.4,82.4,82.4,1,0
325536,1033,link,count/portion,medium,60.4,60.4,60.4,1,0
325542,1033,link,count/portion,medium,83.0,83.0,83.0,1,0
325544,1033,link,count/portion,medium,97.6,97.6,97.6,1,0
325550,1033,link,count/portion,medium,99.2,99.2,99.2,1,0
325552,1033,link,count/portion,medium,93.1,93.1,93.1,1,0
325560,1033,link,count/portion,medium,103.0,103.0,103.0,1,0
325562,1033,link,count/portion,medium,69.1,69.1,69.1,1,0
325573,1033,link,count/portion,medium,93.5,93.5,93.5,1,0
325575,1033,link,count/portion,medium,86.6,86.6,86.6,1,0
325581,1033,link,count/portion,medium,92.5,92.5,92.5,1,0
325583,1033,link,count/portion,medium,76.6,76.6,76.6,1,0
325599,1033,link,count/portion,medium,103.0,103.0,103.0,1,0
325601,1033,link,count/portion,medium,94.2,94.2,94.2,1,0
325610,1033,link,count/portion,medium,84.4,84.4,84.4,1,0
325625,1033,link,count/portion,medium,82.3,82.3,82.3,1,0
325627,1033,link,count/portion,medium,83.5,83.5,83.5,1,0
325643,1033,link,count/portion,medium,92.0,92.0,92.0,1,0
325645,1033,link,count/portion,medium,99.2,99.2,99.2,1,0
325658,1033,link,count/portion,medium,86.6,86.6,86.6,1,0
325719,1050,slice,count/portion,,27.2,27.2,27.2,1,0
325726,1050,slice,count/portion,,23.0,23.0,23.0,1,0
325733,1050,slice,count/portion,,25.6,25.6,25.6,1,0
325740,1050,slice,count/portion,,29.1,29.1,29.1,1,0
325747,1050,slice,count/portion,,27.9,27.9,27.9,1,0
325754,1050,slice,count/portion,,26.1,26.1,26.1,1,0
325761,1050,slice,count/portion,,27.3,27.3,27.3,1,0
325768,1050,slice,count/portion,,31.7,31.7,31.7,1,0
325775,1050,slice,count/portion,,26.5,26.5,26.5,1,0
325782,1050,slice,count/portion,,28.7,28.7,28.7,1,0
325789,1050,slice,count/portion,,32.7,32.7,32.7,1,0
325797,1050,slice,count/portion,,23.6,23.6,23.6,1,0
325811,1050,slice,count/portion,,23.5,23.5,23.5,1,0
325826,1050,slice,count/portion,,26.3,26.3,26.3,1,0
325842,1050,slice,count/portion,,26.8,26.8,26.8,1,0
325858,1050,slice,count/portion,,31.2,31.2,31.2,1,0
325871,1050,slice,count/portion,,27.3,27.3,27.3,1,0
325873,1039,package,count/portion,,452.0,452.0,452.0,1,0
325882,1039,package,count/portion,,374.0,374.0,374.0,1,0
325892,1033,link,count/portion,,22.6,22.6,22.6,1,0
325896,1033,link,count/portion,,23.1,23.1,23.1,1,0
325911,1039,package,count/portion,,467.0,467.0,467.0,1,0
325914,1039,package,count/portion,,458.0,458.0,458.0,1,0
325930,1039,package,count/portion,,456.0,456.0,456.0,1,0
325933,1039,package,count/portion,,464.0,464.0,464.0,1,0
325949,1033,link,count/portion,,38.1,38.1,38.1,1,0
325957,1039,package,count/portion,,454.0,454.0,454.0,1,0
325971,1039,package,count/portion,,458.0,458.0,458.0,1,0
325974,1039,package,count/portion,,468.0,468.0,468.0,1,0
325992,1033,link,count/portion,,27.9,27.9,27.9,1,0
325992,1039,package,count/portion,,450.0,450.0,450.0,1,0
325994,1039,package,count/portion,,198.0,198.0,198.0,1,0
325994,1050,slice,count/portion,regular,18.0,18.0,18.0,1,0
325999,1039,package,count/portion,,195.0,195.0,195.0,1,0
325999,1050,slice,count/portion,thin,11.3,11.3,11.3,1,0
326000,1039,package,count/portion,,201.0,201.0,201.0,1,0
326000,1050,slice,count/portion,regular,18.3,18.3,18.3,1,0
326005,1039,package,count/portion,,198.0,198.0,198.0,1,0
326005,1050,slice,count/portion,regular,17.6,17.6,17.6,1,0
326006,1039,package,count/portion,,193.0,193.0,193.0,1,0
326006,1050,slice,count/portion,thin,10.9,10.9,10.9,1,0
326011,1039,package,count/portion,,201.0,201.0,201.0,1,0
326011,1050,slice,count/portion,regular,18.2,18.2,18.2,1,0
326012,1039,package,count/portion,,193.0,193.0,193.0,1,0
326012,1050,slice,count/portion,thin,10.7,10.7,10.7,1,0
326025,1039,package,count/portion,,227.0,227.0,227.0,1,0
326025,1050,slice,count/portion,regular,22.8,22.8,22.8,1,0
326026,1039,package,count/portion,,225.0,225.0,225.0,1,0
326026,1050,slice,count/portion,regular,22.4,22.4,22.4,1,0
326031,1039,package,count/portion,,207.0,207.0,207.0,1,0
326031,1050,slice,count/portion,regular,18.5,18.5,18.5,1,0
326032,1039,package,count/portion,,195.0,195.0,195.0,1,0
326032,1050,slice,count/portion,thin,10.8,10.8,10.8,1,0
326053,1039,package,count/portion,,225.0,225.0,225.0,1,0
326053,1050,slice,count/portion,regular,29.1,29.1,29.1,1,0
326058,1039,package,count/portion,,193.0,193.0,193.0,1,0
326058,1050,slice,count/portion,thin,10.7,10.7,10.7,1,0
326059,1039,package,count/portion,,196.0,196.0,196.0,1,0
326059,1050,slice,count/portion,regular,17.8,17.8,17.8,1,0
326077,1039,package,count/portion,,459.0,459.0,459.0,1,0
326077,1050,slice,count/portion,regular,39.4,39.4,39.4,1,0
326078,1039,package,count/portion,,232.0,232.0,232.0,1,0
326078,1050,slice,count/portion,regular,19.0,19.0,19.0,1,0
326083,1039,package,count/portion,,225.0,225.0,225.0,1,0
326083,1050,slice,count/portion,regular,37.1,37.1,37.1,1,0
326084,1039,package,count/portion,,170.0,170.0,170.0,1,0
326084,1050,slice,count/portion,regular,21.2,21.2,21.2,1,0
326101,1039,package,count/portion,,169.0,169.0,169.0,1,0
326101,1050,slice,count/portion,regular,21.2,21.2,21.2,1,0
326102,1039,package,count/portion,,230.0,230.0,230.0,1,0
326102,1050,slice,count/portion,regular,22.6,22.6,22.6,1,0
326115,1039,package,count/portion,,227.0,227.0,227.0,1,0
326115,1050,slice,count/portion,regular,22.6,22.6,22.6,1,0
326116,1039,package,count/portion,,226.0,226.0,226.0,1,0
326116,1050,slice,count/portion,regular,21.7,21.7,21.7,1,0
326135,1050,slice,count/portion,regular,21.9,21.9,21.9,1,0
326135,1050,slice,count/portion,thin,10.9,10.9,10.9,1,0
326137,1000,cup,volume,cooked,122.0,122.0,122.0,1,0
326137,1010,paired cooked w,special,,285.0,285.0,285.0,1,0
326137,1011,paired raw w,special,,274.0,274.0,274.0,1,0
326138,1000,cup,volume,cooked,115.0,115.0,115.0,1,0
326138,1010,paired cooked w,special,,495.0,495.0,495.0,1,1
326138,1011,paired raw w,special,,463.0,463.0,463.0,1,0
326142,1000,cup,volume,cooked,89.6,89.6,89.6,1,0
326142,1010,paired cooked w,special,,591.0,591.0,591.0,1,1
326142,1011,paired raw w,special,,705.0,705.0,705.0,1,1
326147,1000,cup,volume,cooked,134.0,134.0,134.0,1,0
326147,1010,paired cooked w,special,,288.0,288.0,288.0,1,0
326147,1011,paired raw w,special,,329.0,329.0,329.0,1,0
326148,1000,cup,volume,cooked,132.0,132.0,132.0,1,0
326148,1010,paired cooked w,special,,281.0,281.0,281.0,1,0
326148,1011,paired raw w,special,,284.0,284.0,284.0,1,0
326152,1000,cup,volume,cooked,134.0,134.0,134.0,1,0
326152,1010,paired cooked w,special,,300.0,300.0,300.0,1,0
326152,1011,paired raw w,special,,336.0,336.0,336.0,1,0
326153,1000,cup,volume,cooked,113.0,113.0,113.0,1,0
326153,1010,paired cooked w,special,,403.0,403.0,403.0,1,1
326153,1011,paired raw w,special,,481.0,481.0,481.0,1,0
326166,1000,cup,volume,cooked,90.5,90.5,90.5,1,0
326166,1010,paired cooked w,special,,451.0,451.0,451.0,1,1
326166,1011,paired raw w,special,,461.0,461.0,461.0,1,0
326167,1000,cup,volume,cooked,106.0,106.0,106.0,1,0
326167,1010,paired cooked w,special,,432.0,432.0,432.0,1,1
326167,1011,paired raw w,special,,446.0,446.0,446.0,1,0
326181,1010,paired cooked w,special,,240.0,240.0,240.0,1,0
326181,1011,paired raw w,special,,285.0,285.0,285.0,1,0
326182,1000,cup,volume,cooked,141.0,141.0,141.0,1,0
326182,1010,paired cooked w,special,,384.0,384.0,384.0,1,1
326182,1011,paired raw w,special,,730.0,730.0,730.0,1,1
326196,1000,cup,volume,cooked,118.0,118.0,118.0,1,0
326606,1000,cup,volume,,245.0,245.0,245.0,1,0
326606,1002,teaspoon,volume,,5.4,5.4,5.4,1,0
326607,1000,cup,volume,,242.0,242.0,242.0,1,0
326607,1002,teaspoon,volume,,5.7,5.7,5.7,1,0
326608,1000,cup,volume,,250.0,250.0,250.0,1,0
326608,1002,teaspoon,volume,,5.1,5.1,5.1,1,0
326609,1000,cup,volume,,250.0,250.0,250.0,1,0
326609,1002,teaspoon,volume,,5.6,5.6,5.6,1,0
326610,1000,cup,volume,,253.0,253.0,253.0,1,0
326610,1002,teaspoon,volume,,5.7,5.7,5.7,1,0
326611,1000,cup,volume,,246.0,246.0,246.0,1,0
326611,1002,teaspoon,volume,,7.0,7.0,7.0,1,0
326612,1000,cup,volume,,250.0,250.0,250.0,1,0
326612,1002,teaspoon,volume,,5.0,5.0,5.0,1,0
326613,1000,cup,volume,,244.0,244.0,244.0,1,0
326613,1002,teaspoon,volume,,5.2,5.2,5.2,1,0
326614,1000,cup,volume,,251.0,251.0,251.0,1,0
326614,1002,teaspoon,volume,,5.9,5.9,5.9,1,0
326615,1000,cup,volume,,248.0,248.0,248.0,1,0
326615,1002,teaspoon,volume,,5.5,5.5,5.5,1,0
326616,1000,cup,volume,,246.0,246.0,246.0,1,0
326616,1002,teaspoon,volume,,5.1,5.1,5.1,1,0
326617,1000,cup,volume,,251.0,251.0,251.0,1,0
326617,1002,teaspoon,volume,,5.5,5.5,5.5,1,0
326637,1000,cup,volume,,261.0,261.0,261.0,1,0
326637,1002,teaspoon,volume,,6.5,6.5,6.5,1,0
326638,1000,cup,volume,,253.0,253.0,253.0,1,0
326638,1002,teaspoon,volume,,6.5,6.5,6.5,1,0
326639,1000,cup,volume,,260.0,260.0,260.0,1,0
326639,1002,teaspoon,volume,,6.2,6.2,6.2,1,0
326640,1000,cup,volume,,248.0,248.0,248.0,1,0
326640,1002,teaspoon,volume,,6.5,6.5,6.5,1,0
326641,1000,cup,volume,,250.0,250.0,250.0,1,0
326641,1002,teaspoon,volume,,5.8,5.8,5.8,1,0
326642,1000,cup,volume,,257.0,257.0,257.0,1,0
326642,1002,teaspoon,volume,,7.0,7.0,7.0,1,0
326643,1000,cup,volume,,242.0,242.0,242.0,1,0
326643,1002,teaspoon,volume,,5.0,5.0,5.0,1,0
326644,1000,cup,volume,,257.0,257.0,257.0,1,0
326644,1002,teaspoon,volume,,6.0,6.0,6.0,1,0
326645,1000,cup,volume,,252.0,252.0,252.0,1,0
326645,1002,teaspoon,volume,,6.6,6.6,6.6,1,0
326646,1000,cup,volume,,255.0,255.0,255.0,1,0
326646,1002,teaspoon,volume,,6.4,6.4,6.4,1,0
326647,1000,cup,volume,,253.0,253.0,253.0,1,0
326647,1002,teaspoon,volume,,6.5,6.5,6.5,1,0
326648,1000,cup,volume,,252.0,252.0,252.0,1,0
326648,1002,teaspoon,volume,,6.1,6.1,6.1,1,0
326670,1000,cup,volume,,243.0,243.0,243.0,1,0
326670,1002,teaspoon,volume,,5.9,5.9,5.9,1,0
326671,1000,cup,volume,,258.0,258.0,258.0,1,0
326671,1002,teaspoon,volume,,6.2,6.2,6.2,1,0
326672,1000,cup,volume,,239.0,239.0,239.0,1,0
326672,1002,teaspoon,volume,,6.0,6.0,6.0,1,0
326673,1000,cup,volume,,243.0,243.0,243.0,1,0
326673,1002,teaspoon,volume,,5.8,5.8,5.8,1,0
326674,1000,cup,volume,,249.0,249.0,249.0,1,0
326674,1002,teaspoon,volume,,6.8,6.8,6.8,1,0
326675,1000,cup,volume,,245.0,245.0,245.0,1,0
326675,1002,teaspoon,volume,,6.1,6.1,6.1,1,0
326676,1000,cup,volume,,249.0,249.0,249.0,1,0
326676,1002,teaspoon,volume,,6.6,6.6,6.6,1,0
326677,1000,cup,volume,,242.0,242.0,242.0,1,0
326677,1002,teaspoon,volume,,6.6,6.6,6.6,1,0
326678,1000,cup,volume,,248.0,248.0,248.0,1,0
326678,1002,teaspoon,volume,,7.0,7.0,7.0,1,0
326679,1000,cup,volume,,246.0,246.0,246.0,1,0
326679,1002,teaspoon,volume,,6.4,6.4,6.4,1,0
326698,1000,cup,volume,,249.0,249.0,249.0,1,0
326698,1002,teaspoon,volume,,6.0,6.0,6.0,1,0
326888,1000,cup,volume,,149.0,149.0,149.0,1,0
326888,1071,each,count/portion,,8.4,8.4,8.4,1,0
326905,1000,cup,volume,,149.0,149.0,149.0,1,0
326905,1071,each,count/portion,,8.4,8.4,8.4,1,0
327182,1000,cup,volume,cubes,160.0,160.0,160.0,1,0
327182,1000,cup,volume,diced,156.0,156.0,156.0,1,0
327182,1044,piece,count/portion,balls,13.8,13.8,13.8,1,0
327182,1049,serving,count/portion,nlea,134.0,134.0,134.0,1,0
327182,1060,wedge,count/portion,large (1/8 of large melon),102.0,102.0,102.0,1,0
327182,1060,wedge,count/portion,medium (1/8 of medium melon),69.0,69.0,69.0,1,0
327182,1060,wedge,count/portion,small (1/8 of small melon),55.0,55.0,55.0,1,0
327182,1071,each,count/portion,"large (about 6-1/2"" dia)",814.0,814.0,814.0,1,1
327182,1071,each,count/portion,"medium (about 5"" dia)",552.0,552.0,552.0,1,0
327182,1071,each,count/portion,"small (about 4-1/4"" dia)",441.0,441.0,441.0,1,0
327198,1000,cup,volume,cubes,160.0,160.0,160.0,1,0
327198,1000,cup,volume,diced,156.0,156.0,156.0,1,0
327198,1044,piece,count/portion,balls,13.8,13.8,13.8,1,0
327198,1060,wedge,count/portion,large (1/8 of large melon),102.0,102.0,102.0,1,0
327198,1060,wedge,count/portion,medium (1/8 of medium melon),69.0,69.0,69.0,1,0
327198,1060,wedge,count/portion,small (1/8 of small melon),55.0,55.0,55.0,1,0
327198,1071,each,count/portion,"large (about 6-1/2"" dia)",814.0,814.0,814.0,1,1
327198,1071,each,count/portion,"medium (about 5"" dia)",552.0,552.0,552.0,1,0
327198,1071,each,count/portion,"small (about 4-1/4"" dia)",441.0,441.0,441.0,1,0
327338,1000,cup,volume,slices,143.0,143.0,143.0,1,0
327338,1049,serving,count/portion,nlea,140.0,140.0,140.0,1,0
327338,1071,each,count/portion,"2-1/2"" dia",142.0,142.0,142.0,1,0
327338,1071,each,count/portion,"2-1/3"" dia",129.0,129.0,129.0,1,0
327338,1071,each,count/portion,"2-3/4"" dia",156.0,156.0,156.0,1,0
327357,1000,cup,volume,slices,143.0,143.0,143.0,1,0
327357,1049,serving,count/portion,nlea,140.0,140.0,140.0,1,0
327357,1071,each,count/portion,"2-1/2"" dia",142.0,142.0,142.0,1,0
327357,1071,each,count/portion,"2-1/3"" dia",129.0,129.0,129.0,1,0
327357,1071,each,count/portion,"2-3/4"" dia",156.0,156.0,156.0,1,0
327487,1000,cup,volume,sections no membranes,165.0,165.0,165.0,1,0
327487,1049,serving,count/portion,nlea,154.0,154.0,154.0,1,0
327487,1071,each,count/portion,"2-7/8"" dia",140.0,140.0,140.0,1,0
327501,1000,cup,volume,sections no membranes,165.0,165.0,165.0,1,0
327501,1071,each,count/portion,"2-7/8"" dia",140.0,140.0,140.0,1,0
327748,1117,bunch,count/portion,,597.0,597.0,597.0,1,0
327761,1117,bunch,count/portion,,570.0,570.0,570.0,1,0
327786,1117,bunch,count/portion,,463.0,463.0,463.0,1,0
327805,1117,bunch,count/portion,,695.0,695.0,695.0,1,0
327923,1117,bunch,count/portion,,581.0,581.0,581.0,1,0
327926,1050,slice,count/portion,,11.8,11.8,11.8,1,0
327931,1050,slice,count/portion,,20.2,20.2,20.2,1,0
327939,1050,slice,count/portion,,28.2,28.2,28.2,1,0
327953,1050,slice,count/portion,,8.3,8.3,8.3,1,0
327956,1050,slice,count/portion,,17.9,17.9,17.9,1,0
327963,1050,slice,count/portion,,14.1,14.1,14.1,1,0
327964,1050,slice,count/portion,,16.4,16.4,16.4,1,0
327967,1000,cup,volume,diced,132.0,132.0,132.0,1,0
327981,1050,slice,count/portion,,9.8,9.8,9.8,1,0
327999,1050,slice,count/portion,,10.9,10.9,10.9,1,0
328012,1050,slice,count/portion,,22.2,22.2,22.2,1,0
328013,1050,slice,count/portion,,19.2,19.2,19.2,1,0
328022,1050,slice,count/portion,,12.5,12.5,12.5,1,0
328026,1050,slice,count/portion,,18.8,18.8,18.8,1,0
328046,1050,slice,count/portion,,22.6,22.6,22.6,1,0
328051,1050,slice,count/portion,,12.7,12.7,12.7,1,0
328058,1050,slice,count/portion,,10.4,10.4,10.4,1,0
328063,1050,slice,count/portion,,10.0,10.0,10.0,1,0
328073,1050,slice,count/portion,,19.8,19.8,19.8,1,0
328076,1050,slice,count/portion,,20.0,20.0,20.0,1,0
328096,1050,slice,count/portion,,22.6,22.6,22.6,1,0
328098,1050,slice,count/portion,,20.2,20.2,20.2,1,0
328117,1050,slice,count/portion,,17.5,17.5,17.5,1,0
328125,1050,slice,count/portion,,23.0,23.0,23.0,1,0
328126,1050,slice,count/portion,,10.0,10.0,10.0,1,0
328131,1050,slice,count/portion,,21.1,21.1,21.1,1,0
328136,1050,slice,count/portion,,22.0,22.0,22.0,1,0
328155,1050,slice,count/portion,,20.8,20.8,20.8,1,0
328156,1050,slice,count/portion,,20.1,20.1,20.1,1,0
328177,1050,slice,count/portion,,10.4,10.4,10.4,1,0
328179,1050,slice,count/portion,,14.7,14.7,14.7,1,0
328194,1050,slice,count/portion,,20.2,20.2,20.2,1,0
328211,1000,cup,volume,,97.7,97.7,97.7,1,0
328213,1000,cup,volume,,96.3,96.3,96.3,1,0
328228,1000,cup,volume,,114.0,114.0,114.0,1,0
328230,1000,cup,volume,,96.7,96.7,96.7,1,0
328232,1000,cup,volume,,108.0,108.0,108.0,1,0
328249,1000,cup,volume,,99.6,99.6,99.6,1,0
328251,1000,cup,volume,,112.0,112.0,112.0,1,0
328254,1000,cup,volume,,111.0,111.0,111.0,1,0
328268,1000,cup,volume,,112.0,112.0,112.0,1,0
328270,1000,cup,volume,,110.0,110.0,110.0,1,0
328271,1000,cup,volume,,115.0,115.0,115.0,1,0
328272,1000,cup,volume,,120.0,120.0,120.0,1,0
328287,1000,cup,volume,,109.0,109.0,109.0,1,0
328288,1000,cup,volume,,115.0,115.0,115.0,1,0
328289,1000,cup,volume,,103.0,103.0,103.0,1,0
328306,1000,cup,volume,,97.3,97.3,97.3,1,0
328309,1000,cup,volume,,98.1,98.1,98.1,1,0
328310,1000,cup,volume,,103.0,103.0,103.0,1,0
328327,1000,cup,volume,,121.0,121.0,121.0,1,0
328332,1000,cup,volume,,95.8,95.8,95.8,1,0
328336,1000,cup,volume,,96.4,96.4,96.4,1,0
328337,1000,cup,volume,,91.0,91.0,91.0,1,0
328341,1000,cup,volume,,94.5,94.5,94.5,1,0
328345,1000,cup,volume,,105.0,105.0,105.0,1,0
328346,1000,cup,volume,,102.0,102.0,102.0,1,0
328347,1000,cup,volume,,102.0,102.0,102.0,1,0
328348,1000,cup,volume,,116.0,116.0,116.0,1,0
328352,1000,cup,volume,,125.0,125.0,125.0,1,0
328353,1000,cup,volume,,120.0,120.0,120.0,1,0
328355,1000,cup,volume,,103.0,103.0,103.0,1,0
328359,1000,cup,volume,,97.6,97.6,97.6,1,0
328360,1000,cup,volume,,99.3,99.3,99.3,1,0
328377,1000,cup,volume,,105.0,105.0,105.0,1,0
328379,1000,cup,volume,,104.0,104.0,104.0,1,0
328381,1000,cup,volume,,99.2,99.2,99.2,1,0
328395,1000,cup,volume,,104.0,104.0,104.0,1,0
328399,1000,cup,volume,,98.2,98.2,98.2,1,0
328400,1000,cup,volume,,98.8,98.8,98.8,1,0
328401,1000,cup,volume,,106.0,106.0,106.0,1,0
328414,1000,cup,volume,,94.6,94.6,94.6,1,0
328416,1000,cup,volume,,97.5,97.5,97.5,1,0
328545,1000,cup,volume,melted,244.0,244.0,244.0,1,0
328637,1000,cup,volume,,105.0,105.0,105.0,1,0
328637,1050,slice,count/portion,,17.0,17.0,17.0,1,0
328639,1000,cup,volume,,219.0,219.0,219.0,1,0
328640,1000,cup,volume,,224.0,224.0,224.0,1,0
328648,1000,cup,volume,,222.0,222.0,222.0,1,0
328653,1000,cup,volume,,232.0,232.0,232.0,1,0
328655,1000,cup,volume,,232.0,232.0,232.0,1,0
328663,1000,cup,volume,,206.0,206.0,206.0,1,0
328664,1000,cup,volume,,204.0,204.0,204.0,1,0
328680,1000,cup,volume,,210.0,210.0,210.0,1,0
328683,1000,cup,volume,,216.0,216.0,216.0,1,0
328696,1000,cup,volume,,220.0,220.0,220.0,1,0
328699,1000,cup,volume,,220.0,220.0,220.0,1,0
328714,1000,cup,volume,,225.0,225.0,225.0,1,0
328717,1000,cup,volume,,222.0,222.0,222.0,1,0
328722,1000,cup,volume,,235.0,235.0,235.0,1,0
328723,1000,cup,volume,,234.0,234.0,234.0,1,0
328731,1000,cup,volume,,212.0,212.0,212.0,1,0
328732,1000,cup,volume,,220.0,220.0,220.0,1,0
328737,1000,cup,volume,,218.0,218.0,218.0,1,0
328740,1000,cup,volume,,214.0,214.0,214.0,1,0
328753,1000,cup,volume,,234.0,234.0,234.0,1,0
328754,1000,cup,volume,,235.0,235.0,235.0,1,0
328771,1000,cup,volume,,212.0,212.0,212.0,1,0
328772,1000,cup,volume,,218.0,218.0,218.0,1,0
328788,1000,cup,volume,,233.0,233.0,233.0,1,0
328789,1000,cup,volume,,229.0,229.0,229.0,1,0
328796,1000,cup,volume,,208.0,208.0,208.0,1,0
328797,1000,cup,volume,,204.0,204.0,204.0,1,0
328810,1000,cup,volume,,221.0,221.0,221.0,1,0
328813,1000,cup,volume,,224.0,224.0,224.0,1,0
328826,1000,cup,volume,,220.0,220.0,220.0,1,0
328828,1000,cup,volume,,200.0,200.0,200.0,1,0
328841,1000,cup,volume,,220.0,220.0,220.0,1,0
328843,1000,cup,volume,,93.3,93.3,93.3,1,0
328852,1000,cup,volume,,86.8,86.8,86.8,1,0
328860,1000,cup,volume,,93.4,93.4,93.4,1,0
328864,1000,cup,volume,,95.6,95.6,95.6,1,0
328876,1000,cup,volume,,74.1,74.1,74.1,1,0
328877,1000,cup,volume,,79.9,79.9,79.9,1,0
328888,1000,cup,volume,,102.0,102.0,102.0,1,0
328889,1000,cup,volume,,90.5,90.5,90.5,1,0
328905,1000,cup,volume,,92.5,92.5,92.5,1,0
328909,1000,cup,volume,,91.2,91.2,91.2,1,0
328926,1000,cup,volume,,85.0,85.0,85.0,1,0
328930,1000,cup,volume,,96.1,96.1,96.1,1,0
328949,1000,cup,volume,,77.9,77.9,77.9,1,0
328954,1000,cup,volume,,87.9,87.9,87.9,1,0
328968,1000,cup,volume,,77.3,77.3,77.3,1,0
328977,1000,cup,volume,,94.0,94.0,94.0,1,0
328982,1000,cup,volume,,77.3,77.3,77.3,1,0
329003,1000,cup,volume,,75.2,75.2,75.2,1,0
329004,1000,cup,volume,,85.9,85.9,85.9,1,0
329013,1000,cup,volume,,87.3,87.3,87.3,1,0
329019,1000,cup,volume,,90.9,90.9,90.9,1,0
329025,1000,cup,volume,,85.0,85.0,85.0,1,0
329028,1000,cup,volume,,95.2,95.2,95.2,1,0
329037,1000,cup,volume,,77.0,77.0,77.0,1,0
329059,1000,cup,volume,,90.7,90.7,90.7,1,0
329063,1000,cup,volume,,77.9,77.9,77.9,1,0
329076,1000,cup,volume,,80.8,80.8,80.8,1,0
329083,1000,cup,volume,,79.8,79.8,79.8,1,0
329099,1000,cup,volume,,76.7,76.7,76.7,1,0
329104,1000,cup,volume,,80.4,80.4,80.4,1,0
329121,1000,cup,volume,,90.4,90.4,90.4,1,0
329127,1000,cup,volume,,90.7,90.7,90.7,1,0
329370,1000,cup,volume,,86.2,86.2,86.2,1,0
329407,1000,cup,volume,sifted,85.0,85.0,85.0,1,0
329407,1001,tablespoon,volume,,5.0,5.0,5.0,1,0
329407,1038,ounce,weight,,28.4,28.4,28.4,1,0
329490,1000,cup,volume,sifted,85.0,85.0,85.0,1,0
329490,1001,tablespoon,volume,,5.0,5.0,5.0,1,0
329490,1038,ounce,weight,,28.4,28.4,28.4,1,0
329492,1038,ounce,weight,,28.4,28.4,28.4,1,0
329541,1000,cup,volume,,243.0,243.0,243.0,1,0
329596,1038,ounce,weight,,28.4,28.4,28.4,1,0
329703,1000,cup,volume,sifted,67.0,67.0,67.0,1,0
329703,1001,tablespoon,volume,,4.0,4.0,4.0,1,0
329703,1038,ounce,weight,,28.4,28.4,28.4,1,0
329716,1000,cup,volume,sifted,67.0,67.0,67.0,1,0
329716,1001,tablespoon,volume,,4.0,4.0,4.0,1,0
329716,1038,ounce,weight,,28.4,28.4,28.4,1,0
329720,1000,cup,volume,grated,100.0,100.0,100.0,1,0
329721,1000,cup,volume,grated,115.0,115.0,115.0,1,0
329735,1000,cup,volume,grated,95.5,95.5,95.5,1,0
329736,1000,cup,volume,grated,94.8,94.8,94.8,1,0
329754,1000,cup,volume,grated,82.1,82.1,82.1,1,0
329755,1000,cup,volume,grated,104.0,104.0,104.0,1,0
329769,1000,cup,volume,grated,87.7,87.7,87.7,1,0
329770,1000,cup,volume,grated,76.9,76.9,76.9,1,0
329786,1000,cup,volume,grated,86.6,86.6,86.6,1,0
329787,1000,cup,volume,grated,100.0,100.0,100.0,1,0
329808,1000,cup,volume,grated,123.0,123.0,123.0,1,0
329809,1000,cup,volume,grated,101.0,101.0,101.0,1,0
329830,1000,cup,volume,grated,97.3,97.3,97.3,1,0
329839,1023,container,count/portion,,165.0,165.0,165.0,1,0
329864,1023,container,count/portion,,163.0,163.0,163.0,1,0
329866,1023,container,count/portion,,164.0,164.0,164.0,1,0
329879,1023,container,count/portion,,164.0,164.0,164.0,1,0
329886,1023,container,count/portion,,166.0,166.0,166.0,1,0
329914,1023,container,count/portion,,168.0,168.0,168.0,1,0
329920,1023,container,count/portion,,167.0,167.0,167.0,1,0
329936,1023,container,count/portion,,166.0,166.0,166.0,1,0
329952,1023,container,count/portion,,169.0,169.0,169.0,1,0
329978,1023,container,count/portion,,161.0,161.0,161.0,1,0
329998,1023,container,count/portion,,145.0,145.0,145.0,1,0
329999,1023,container,count/portion,,146.0,146.0,146.0,1,0
330014,1023,container,count/portion,,144.0,144.0,144.0,1,0
330022,1023,container,count/portion,,143.0,143.0,143.0,1,0
330028,1023,container,count/portion,,140.0,140.0,140.0,1,0
330039,1023,container,count/portion,,141.0,141.0,141.0,1,0
330058,1023,container,count/portion,,166.0,166.0,166.0,1,0
330080,1023,container,count/portion,,146.0,146.0,146.0,1,0
330089,1023,container,count/portion,,145.0,145.0,145.0,1,0
330117,1023,container,count/portion,,148.0,148.0,148.0,1,0
330120,1023,container,count/portion,,147.0,147.0,147.0,1,0
330137,1023,container,count/portion,,156.0,156.0,156.0,1,0
330398,1023,container,count/portion,5.3 oz,150.0,150.0,150.0,1,0
330415,1023,container,count/portion,5.3 oz,150.0,150.0,150.0,1,0
330418,1001,tablespoon,volume,liquid oil,12.9,12.9,12.9,1,0
330422,1001,tablespoon,volume,liquid oil,11.8,11.8,11.8,1,0
330423,1001,tablespoon,volume,liquid oil,10.6,10.6,10.6,1,0
330427,1001,tablespoon,volume,liquid oil,10.8,10.8,10.8,1,0
330428,1001,tablespoon,volume,liquid oil,11.2,11.2,11.2,1,0
330434,1001,tablespoon,volume,liquid oil,11.8,11.8,11.8,1,0
330435,1001,tablespoon,volume,liquid oil,11.7,11.7,11.7,1,0
330442,1001,tablespoon,volume,liquid oil,12.3,12.3,12.3,1,0
330444,1001,tablespoon,volume,liquid oil,11.9,11.9,11.9,1,0
330451,1001,tablespoon,volume,liquid oil,11.4,11.4,11.4,1,0
330458,1001,tablespoon,volume,liquid oil,11.6,11.6,11.6,1,0
330460,1010,paired cooked w,special,crumbles,148.0,148.0,148.0,1,0
330460,1011,paired raw w,special,crumbles,224.0,224.0,224.0,1,0
330461,1010,paired cooked w,special,crumbles,157.0,157.0,157.0,1,0
330461,1011,paired raw w,special,crumbles,224.0,224.0,224.0,1,0
330463,1010,paired cooked w,special,crumbles,145.0,145.0,145.0,1,0
330463,1011,paired raw w,special,crumbles,224.0,224.0,224.0,1,0
330497,1011,paired raw w,special,,224.0,224.0,224.0,1,0
330520,1010,paired cooked w,special,crumbles,162.0,162.0,162.0,1,0
330520,1011,paired raw w,special,crumbles,224.0,224.0,224.0,1,0
330521,1010,paired cooked w,special,crumbles,144.0,144.0,144.0,1,0
330521,1011,paired raw w,special,crumbles,224.0,224.0,224.0,1,0
330522,1010,paired cooked w,special,crumbles,148.0,148.0,148.0,1,0
330522,1011,paired raw w,special,crumbles,224.0,224.0,224.0,1,0
330523,1010,paired cooked w,special,crumbles,162.0,162.0,162.0,1,0
330523,1011,paired raw w,special,crumbles,224.0,224.0,224.0,1,0
330524,1010,paired cooked w,special,crumbles,147.0,147.0,147.0,1,0
330524,1011,paired raw w,special,crumbles,224.0,224.0,224.0,1,0
330547,1010,paired cooked w,special,grilled patties,135.0,135.0,135.0,1,0
330547,1011,paired raw w,special,grilled patties,224.0,224.0,224.0,1,0
330548,1010,paired cooked w,special,grilled patties,139.0,139.0,139.0,1,0
330548,1011,paired raw w,special,grilled patties,224.0,224.0,224.0,1,0
330549,1010,paired cooked w,special,grilled patties,152.0,152.0,152.0,1,0
330549,1011,paired raw w,special,grilled patties,224.0,224.0,224.0,1,0
330550,1010,paired cooked w,special,grilled patties,128.0,128.0,128.0,1,0
330550,1011,paired raw w,special,grilled patties,224.0,224.0,224.0,1,0
330551,1010,paired cooked w,special,grilled patties,132.0,132.0,132.0,1,0
330551,1011,paired raw w,special,grilled patties,224.0,224.0,224.0,1,0
330552,1010,paired cooked w,special,grilled patties,150.0,150.0,150.0,1,0
330552,1011,paired raw w,special,grilled patties,224.0,224.0,224.0,1,0
330553,1010,paired cooked w,special,grilled patties,138.0,138.0,138.0,1,0
330553,1011,paired raw w,special,grilled patties,224.0,224.0,224.0,1,0
330554,1010,paired cooked w,special,grilled patties,131.0,131.0,131.0,1,0
330554,1011,paired raw w,special,grilled patties,224.0,224.0,224.0,1,0
330555,1010,paired cooked w,special,grilled patties,128.0,128.0,128.0,1,0
330555,1011,paired raw w,special,grilled patties,224.0,224.0,224.0,1,0
330556,1010,paired cooked w,special,grilled patties,129.0,129.0,129.0,1,0
330556,1011,paired raw w,special,grilled patties,224.0,224.0,224.0,1,0
330570,1011,paired raw w,special,,224.0,224.0,224.0,1,0
330584,1010,paired cooked w,special,crumbles,165.0,165.0,165.0,1,0
330584,1011,paired raw w,special,crumbles,224.0,224.0,224.0,1,0
330585,1010,paired cooked w,special,crumbles,163.0,163.0,163.0,1,0
330585,1011,paired raw w,special,crumbles,224.0,224.0,224.0,1,0
330586,1010,paired cooked w,special,crumbles,165.0,165.0,165.0,1,0
330586,1011,paired raw w,special,crumbles,224.0,224.0,224.0,1,0
330587,1010,paired cooked w,special,crumbles,163.0,163.0,163.0,1,0
330587,1011,paired raw w,special,crumbles,224.0,224.0,224.0,1,0
330601,1010,paired cooked w,special,grilled patties,167.0,167.0,167.0,1,0
330601,1011,paired raw w,special,grilled patties,224.0,224.0,224.0,1,0
330602,1010,paired cooked w,special,grilled patties,164.0,164.0,164.0,1,0
330602,1011,paired raw w,special,grilled patties,224.0,224.0,224.0,1,0
330603,1010,paired cooked w,special,grilled patties,162.0,162.0,162.0,1,0
330603,1011,paired raw w,special,grilled patties,224.0,224.0,224.0,1,0
330604,1010,paired cooked w,special,grilled patties,160.0,160.0,160.0,1,0
330604,1011,paired raw w,special,grilled patties,224.0,224.0,224.0,1,0
330605,1010,paired cooked w,special,grilled patties,151.0,151.0,151.0,1,0
330605,1011,paired raw w,special,grilled patties,224.0,224.0,224.0,1,0
330606,1010,paired cooked w,special,grilled patties,167.0,167.0,167.0,1,0
330606,1011,paired raw w,special,grilled patties,224.0,224.0,224.0,1,0
330607,1010,paired cooked w,special,grilled patties,167.0,167.0,167.0,1,0
330607,1011,paired raw w,special,grilled patties,224.0,224.0,224.0,1,0
330621,1011,paired raw w,special,,224.0,224.0,224.0,1,0
330635,1010,paired cooked w,special,crumbles,159.0,159.0,159.0,1,0
330635,1011,paired raw w,special,crumbles,224.0,224.0,224.0,1,0
330636,1010,paired cooked w,special,crumbles,151.0,151.0,151.0,1,0
330636,1011,paired raw w,special,crumbles,224.0,224.0,224.0,1,0
330637,1010,paired cooked w,special,crumbles,160.0,160.0,160.0,1,0
330637,1011,paired raw w,special,crumbles,224.0,224.0,224.0,1,0
330638,1010,paired cooked w,special,crumbles,160.0,160.0,160.0,1,0
330638,1011,paired raw w,special,crumbles,224.0,224.0,224.0,1,0
330652,1010,paired cooked w,special,grilled patties,167.0,167.0,167.0,1,0
330652,1011,paired raw w,special,grilled patties,224.0,224.0,224.0,1,0
330653,1010,paired cooked w,special,grilled patties,174.0,174.0,174.0,1,0
330653,1011,paired raw w,special,grilled patties,224.0,224.0,224.0,1,0
330654,1010,paired cooked w,special,grilled patties,172.0,172.0,172.0,1,0
330654,1011,paired raw w,special,grilled patties,224.0,224.0,224.0,1,0
330655,1010,paired cooked w,special,grilled patties,171.0,171.0,171.0,1,0
330655,1011,paired raw w,special,grilled patties,224.0,224.0,224.0,1,0
330656,1010,paired cooked w,special,grilled patties,135.0,135.0,135.0,1,0
330656,1011,paired raw w,special,grilled patties,224.0,224.0,224.0,1,0
330657,1010,paired cooked w,special,grilled patties,169.0,169.0,169.0,1,0
330657,1011,paired raw w,special,grilled patties,224.0,224.0,224.0,1,0
330658,1010,paired cooked w,special,grilled patties,174.0,174.0,174.0,1,0
330658,1011,paired raw w,special,grilled patties,224.0,224.0,224.0,1,0
330659,1010,paired cooked w,special,grilled patties,171.0,171.0,171.0,1,0
330659,1011,paired raw w,special,grilled patties,224.0,224.0,224.0,1,0
330673,1011,paired raw w,special,,224.0,224.0,224.0,1,0
330687,1010,paired cooked w,special,crumbles,166.0,166.0,166.0,1,0
330687,1011,paired raw w,special,crumbles,224.0,224.0,224.0,1,0
330688,1010,paired cooked w,special,crumbles,156.0,156.0,156.0,1,0
330688,1011,paired raw w,special,crumbles,224.0,224.0,224.0,1,0
330689,1010,paired cooked w,special,crumbles,157.0,157.0,157.0,1,0
330689,1011,paired raw w,special,crumbles,224.0,224.0,224.0,1,0
330690,1010,paired cooked w,special,crumbles,156.0,156.0,156.0,1,0
330690,1011,paired raw w,special,crumbles,224.0,224.0,224.0,1,0
330691,1010,paired cooked w,special,crumbles,159.0,159.0,159.0,1,0
330691,1011,paired raw w,special,crumbles,224.0,224.0,224.0,1,0
330692,1010,paired cooked w,special,crumbles,155.0,155.0,155.0,1,0
330692,1011,paired raw w,special,crumbles,224.0,224.0,224.0,1,0
330706,1010,paired cooked w,special,grilled patties,174.0,174.0,174.0,1,0
330706,1011,paired raw w,special,grilled patties,224.0,224.0,224.0,1,0
330707,1010,paired cooked w,special,grilled patties,172.0,172.0,172.0,1,0
330707,1011,paired raw w,special,grilled patties,224.0,224.0,224.0,1,0
330708,1010,paired cooked w,special,grilled patties,177.0,177.0,177.0,1,0
330708,1011,paired raw w,special,grilled patties,224.0,224.0,224.0,1,0
330709,1010,paired cooked w,special,grilled patties,175.0,175.0,175.0,1,0
330709,1011,paired raw w,special,grilled patties,224.0,224.0,224.0,1,0
330710,1010,paired cooked w,special,grilled patties,162.0,162.0,162.0,1,0
330710,1011,paired raw w,special,grilled patties,224.0,224.0,224.0,1,0
330711,1010,paired cooked w,special,grilled patties,175.0,175.0,175.0,1,0
330711,1011,paired raw w,special,grilled patties,224.0,224.0,224.0,1,0
330712,1010,paired cooked w,special,grilled patties,159.0,159.0,159.0,1,0
330712,1011,paired raw w,special,grilled patties,224.0,224.0,224.0,1,0
330713,1010,paired cooked w,special,grilled patties,166.0,166.0,166.0,1,0
330713,1011,paired raw w,special,grilled patties,224.0,224.0,224.0,1,0
330714,1010,paired cooked w,special,grilled patties,176.0,176.0,176.0,1,0
330714,1011,paired raw w,special,grilled patties,224.0,224.0,224.0,1,0
330715,1010,paired cooked w,special,grilled patties,170.0,170.0,170.0,1,0
330715,1011,paired raw w,special,grilled patties,224.0,224.0,224.0,1,0
330716,1010,paired cooked w,special,grilled patties,170.0,170.0,170.0,1,0
330716,1011,paired raw w,special,grilled patties,224.0,224.0,224.0,1,0
330720,1011,paired raw w,special,,224.0,224.0,224.0,1,0
330724,1010,paired cooked w,special,crumbles,147.0,147.0,147.0,1,0
330724,1011,paired raw w,special,crumbles,224.0,224.0,224.0,1,0
330725,1010,paired cooked w,special,crumbles,159.0,159.0,159.0,1,0
330725,1011,paired raw w,special,crumbles,224.0,224.0,224.0,1,0
330726,1010,paired cooked w,special,crumbles,150.0,150.0,150.0,1,0
330726,1011,paired raw w,special,crumbles,224.0,224.0,224.0,1,0
330727,1010,paired cooked w,special,crumbles,167.0,167.0,167.0,1,0
330727,1011,paired raw w,special,crumbles,224.0,224.0,224.0,1,0
330731,1010,paired cooked w,special,grilled patties,144.0,144.0,144.0,1,0
330731,1011,paired raw w,special,grilled patties,224.0,224.0,224.0,1,0
330732,1010,paired cooked w,special,grilled patties,134.0,134.0,134.0,1,0
330732,1011,paired raw w,special,grilled patties,224.0,224.0,224.0,1,0
330733,1010,paired cooked w,special,grilled patties,168.0,168.0,168.0,1,0
330733,1011,paired raw w,special,grilled patties,224.0,224.0,224.0,1,0
330734,1010,paired cooked w,special,grilled patties,129.0,129.0,129.0,1,0
330734,1011,paired raw w,special,grilled patties,224.0,224.0,224.0,1,0
330735,1010,paired cooked w,special,grilled patties,167.0,167.0,167.0,1,0
330735,1011,paired raw w,special,grilled patties,224.0,224.0,224.0,1,0
330736,1010,paired cooked w,special,grilled patties,143.0,143.0,143.0,1,0
330736,1011,paired raw w,special,grilled patties,224.0,224.0,224.0,1,0
330737,1010,paired cooked w,special,grilled patties,167.0,167.0,167.0,1,0
330737,1011,paired raw w,special,grilled patties,224.0,224.0,224.0,1,0
330738,1010,paired cooked w,special,grilled patties,141.0,141.0,141.0,1,0
330738,1011,paired raw w,special,grilled patties,224.0,224.0,224.0,1,0
330742,1011,paired raw w,special,,224.0,224.0,224.0,1,0
330746,1010,paired cooked w,special,crumbles,144.0,144.0,144.0,1,0
330746,1011,paired raw w,special,crumbles,224.0,224.0,224.0,1,0
330747,1010,paired cooked w,special,crumbles,154.0,154.0,154.0,1,0
330747,1011,paired raw w,special,crumbles,224.0,224.0,224.0,1,0
330748,1010,paired cooked w,special,crumbles,154.0,154.0,154.0,1,0
330748,1011,paired raw w,special,crumbles,224.0,224.0,224.0,1,0
330749,1010,paired cooked w,special,crumbles,151.0,151.0,151.0,1,0
330749,1011,paired raw w,special,crumbles,224.0,224.0,224.0,1,0
330750,1010,paired cooked w,special,crumbles,145.0,145.0,145.0,1,0
330750,1011,paired raw w,special,crumbles,224.0,224.0,224.0,1,0
330754,1010,paired cooked w,special,grilled patties,129.0,129.0,129.0,1,0
330754,1011,paired raw w,special,grilled patties,224.0,224.0,224.0,1,0
330755,1010,paired cooked w,special,grilled patties,146.0,146.0,146.0,1,0
330755,1011,paired raw w,special,grilled patties,224.0,224.0,224.0,1,0
330756,1010,paired cooked w,special,grilled patties,142.0,142.0,142.0,1,0
330756,1011,paired raw w,special,grilled patties,224.0,224.0,224.0,1,0
330757,1010,paired cooked w,special,grilled patties,134.0,134.0,134.0,1,0
330757,1011,paired raw w,special,grilled patties,224.0,224.0,224.0,1,0
330758,1010,paired cooked w,special,grilled patties,144.0,144.0,144.0,1,0
330758,1011,paired raw w,special,grilled patties,224.0,224.0,224.0,1,0
330759,1010,paired cooked w,special,grilled patties,145.0,145.0,145.0,1,0
330759,1011,paired raw w,special,grilled patties,224.0,224.0,224.0,1,0
330760,1010,paired cooked w,special,grilled patties,140.0,140.0,140.0,1,0
330760,1011,paired raw w,special,grilled patties,224.0,224.0,224.0,1,0
330761,1010,paired cooked w,special,grilled patties,137.0,137.0,137.0,1,0
330761,1011,paired raw w,special,grilled patties,224.0,224.0,224.0,1,0
330762,1010,paired cooked w,special,grilled patties,146.0,146.0,146.0,1,0
330762,1011,paired raw w,special,grilled patties,224.0,224.0,224.0,1,0
330763,1010,paired cooked w,special,grilled patties,131.0,131.0,131.0,1,0
330763,1011,paired raw w,special,grilled patties,224.0,224.0,224.0,1,0
330767,1011,paired raw w,special,,224.0,224.0,224.0,1,0
330771,1010,paired cooked w,special,crumbles,159.0,159.0,159.0,1,0
330771,1011,paired raw w,special,crumbles,224.0,224.0,224.0,1,0
330772,1010,paired cooked w,special,crumbles,155.0,155.0,155.0,1,0
330772,1011,paired raw w,special,crumbles,224.0,224.0,224.0,1,0
330773,1010,paired cooked w,special,crumbles,153.0,153.0,153.0,1,0
330773,1011,paired raw w,special,crumbles,224.0,224.0,224.0,1,0
330774,1010,paired cooked w,special,crumbles,161.0,161.0,161.0,1,0
330774,1011,paired raw w,special,crumbles,224.0,224.0,224.0,1,0
330775,1010,paired cooked w,special,crumbles,160.0,160.0,160.0,1,0
330775,1011,paired raw w,special,crumbles,224.0,224.0,224.0,1,0
330779,1010,paired cooked w,special,grilled patties,146.0,146.0,146.0,1,0
330779,1011,paired raw w,special,grilled patties,224.0,224.0,224.0,1,0
330780,1010,paired cooked w,special,grilled patties,174.0,174.0,174.0,1,0
330780,1011,paired raw w,special,grilled patties,224.0,224.0,224.0,1,0
330781,1010,paired cooked w,special,grilled patties,130.0,130.0,130.0,1,0
330781,1011,paired raw w,special,grilled patties,224.0,224.0,224.0,1,0
330782,1010,paired cooked w,special,grilled patties,165.0,165.0,165.0,1,0
330782,1011,paired raw w,special,grilled patties,224.0,224.0,224.0,1,0
330783,1010,paired cooked w,special,grilled patties,151.0,151.0,151.0,1,0
330783,1011,paired raw w,special,grilled patties,224.0,224.0,224.0,1,0
330784,1010,paired cooked w,special,grilled patties,157.0,157.0,157.0,1,0
330784,1011,paired raw w,special,grilled patties,224.0,224.0,224.0,1,0
330785,1010,paired cooked w,special,grilled patties,172.0,172.0,172.0,1,0
330785,1011,paired raw w,special,grilled patties,224.0,224.0,224.0,1,0
330786,1010,paired cooked w,special,grilled patties,168.0,168.0,168.0,1,0
330786,1011,paired raw w,special,grilled patties,224.0,224.0,224.0,1,0
330787,1010,paired cooked w,special,grilled patties,171.0,171.0,171.0,1,0
330787,1011,paired raw w,special,grilled patties,224.0,224.0,224.0,1,0
330788,1010,paired cooked w,special,grilled patties,166.0,166.0,166.0,1,0
330788,1011,paired raw w,special,grilled patties,224.0,224.0,224.0,1,0
330792,1011,paired raw w,special,,224.0,224.0,224.0,1,0
330796,1010,paired cooked w,special,crumbles,140.0,140.0,140.0,1,0
330796,1011,paired raw w,special,crumbles,224.0,224.0,224.0,1,0
330797,1010,paired cooked w,special,crumbles,146.0,146.0,146.0,1,0
330797,1011,paired raw w,special,crumbles,224.0,224.0,224.0,1,0
330798,1010,paired cooked w,special,crumbles,143.0,143.0,143.0,1,0
330798,1011,paired raw w,special,crumbles,224.0,224.0,224.0,1,0
330799,1010,paired cooked w,special,crumbles,154.0,154.0,154.0,1,0
330799,1011,paired raw w,special,crumbles,224.0,224.0,224.0,1,0
330803,1010,paired cooked w,special,grilled patties,165.0,165.0,165.0,1,0
330803,1011,paired raw w,special,grilled patties,224.0,224.0,224.0,1,0
330804,1010,paired cooked w,special,grilled patties,128.0,128.0,128.0,1,0
330804,1011,paired raw w,special,grilled patties,224.0,224.0,224.0,1,0
330805,1010,paired cooked w,special,grilled patties,159.0,159.0,159.0,1,0
330805,1011,paired raw w,special,grilled patties,224.0,224.0,224.0,1,0
330806,1010,paired cooked w,special,grilled patties,164.0,164.0,164.0,1,0
330806,1011,paired raw w,special,grilled patties,224.0,224.0,224.0,1,0
330807,1010,paired cooked w,special,grilled patties,162.0,162.0,162.0,1,0
330807,1011,paired raw w,special,grilled patties,224.0,224.0,224.0,1,0
330808,1010,paired cooked w,special,grilled patties,156.0,156.0,156.0,1,0
330808,1011,paired raw w,special,grilled patties,224.0,224.0,224.0,1,0
330809,1010,paired cooked w,special,grilled patties,160.0,160.0,160.0,1,0
330809,1011,paired raw w,special,grilled patties,224.0,224.0,224.0,1,0
330810,1010,paired cooked w,special,grilled patties,154.0,154.0,154.0,1,0
330810,1011,paired raw w,special,grilled patties,224.0,224.0,224.0,1,0
330814,1011,paired raw w,special,,224.0,224.0,224.0,1,0
330818,1010,paired cooked w,special,crumbles,162.0,162.0,162.0,1,0
330818,1011,paired raw w,special,crumbles,224.0,224.0,224.0,1,0
330819,1010,paired cooked w,special,crumbles,164.0,164.0,164.0,1,0
330819,1011,paired raw w,special,crumbles,224.0,224.0,224.0,1,0
330820,1010,paired cooked w,special,crumbles,164.0,164.0,164.0,1,0
330820,1011,paired raw w,special,crumbles,224.0,224.0,224.0,1,0
330821,1010,paired cooked w,special,crumbles,161.0,161.0,161.0,1,0
330821,1011,paired raw w,special,crumbles,224.0,224.0,224.0,1,0
330825,1010,paired cooked w,special,grilled patties,164.0,164.0,164.0,1,0
330825,1011,paired raw w,special,grilled patties,224.0,224.0,224.0,1,0
330826,1010,paired cooked w,special,grilled patties,164.0,164.0,164.0,1,0
330826,1011,paired raw w,special,grilled patties,224.0,224.0,224.0,1,0
330827,1010,paired cooked w,special,grilled patties,166.0,166.0,166.0,1,0
330827,1011,paired raw w,special,grilled patties,224.0,224.0,224.0,1,0
330828,1010,paired cooked w,special,grilled patties,166.0,166.0,166.0,1,0
330828,1011,paired raw w,special,grilled patties,224.0,224.0,224.0,1,0
330829,1010,paired cooked w,special,grilled patties,129.0,129.0,129.0,1,0
330829,1011,paired raw w,special,grilled patties,224.0,224.0,224.0,1,0
330830,1010,paired cooked w,special,grilled patties,159.0,159.0,159.0,1,0
330830,1011,paired raw w,special,grilled patties,224.0,224.0,224.0,1,0
330831,1010,paired cooked w,special,grilled patties,154.0,154.0,154.0,1,0
330831,1011,paired raw w,special,grilled patties,224.0,224.0,224.0,1,0
330835,1011,paired raw w,special,,224.0,224.0,224.0,1,0
330839,1010,paired cooked w,special,crumbles,153.0,153.0,153.0,1,0
330839,1011,paired raw w,special,crumbles,224.0,224.0,224.0,1,0
330840,1010,paired cooked w,special,crumbles,144.0,144.0,144.0,1,0
330840,1011,paired raw w,special,crumbles,224.0,224.0,224.0,1,0
330841,1010,paired cooked w,special,crumbles,154.0,154.0,154.0,1,0
330841,1011,paired raw w,special,crumbles,224.0,224.0,224.0,1,0
330842,1010,paired cooked w,special,crumbles,155.0,155.0,155.0,1,0
330842,1011,paired raw w,special,crumbles,224.0,224.0,224.0,1,0
330846,1010,paired cooked w,special,grilled patties,154.0,154.0,154.0,1,0
330846,1011,paired raw w,special,grilled patties,224.0,224.0,224.0,1,0
330847,1010,paired cooked w,special,grilled patties,136.0,136.0,136.0,1,0
330847,1011,paired raw w,special,grilled patties,224.0,224.0,224.0,1,0
330848,1010,paired cooked w,special,grilled patties,152.0,152.0,152.0,1,0
330848,1011,paired raw w,special,grilled patties,224.0,224.0,224.0,1,0
330849,1010,paired cooked w,special,grilled patties,152.0,152.0,152.0,1,0
330849,1011,paired raw w,special,grilled patties,224.0,224.0,224.0,1,0
330850,1010,paired cooked w,special,grilled patties,155.0,155.0,155.0,1,0
330850,1011,paired raw w,special,grilled patties,224.0,224.0,224.0,1,0
330851,1010,paired cooked w,special,grilled patties,136.0,136.0,136.0,1,0
330851,1011,paired raw w,special,grilled patties,224.0,224.0,224.0,1,0
330852,1010,paired cooked w,special,grilled patties,149.0,149.0,149.0,1,0
330852,1011,paired raw w,special,grilled patties,224.0,224.0,224.0,1,0
330853,1010,paired cooked w,special,grilled patties,145.0,145.0,145.0,1,0
330853,1011,paired raw w,special,grilled patties,224.0,224.0,224.0,1,0
330857,1011,paired raw w,special,,224.0,224.0,224.0,1,0
330861,1010,paired cooked w,special,grilled patties,141.0,141.0,141.0,1,0
330861,1011,paired raw w,special,grilled patties,224.0,224.0,224.0,1,0
330862,1010,paired cooked w,special,grilled patties,127.0,127.0,127.0,1,0
330862,1011,paired raw w,special,grilled patties,224.0,224.0,224.0,1,0
330863,1010,paired cooked w,special,grilled patties,139.0,139.0,139.0,1,0
330863,1011,paired raw w,special,grilled patties,224.0,224.0,224.0,1,0
330864,1010,paired cooked w,special,grilled patties,141.0,141.0,141.0,1,0
330864,1011,paired raw w,special,grilled patties,224.0,224.0,224.0,1,0
330865,1010,paired cooked w,special,grilled patties,140.0,140.0,140.0,1,0
330865,1011,paired raw w,special,grilled patties,224.0,224.0,224.0,1,0
330866,1010,paired cooked w,special,grilled patties,131.0,131.0,131.0,1,0
330866,1011,paired raw w,special,grilled patties,224.0,224.0,224.0,1,0
330869,1010,paired cooked w,special,crumbles,155.0,155.0,155.0,1,0
330966,1011,paired raw w,special,,162.0,162.0,162.0,1,0
330966,1026,drumstick,count/portion,with skin,162.0,162.0,162.0,1,0
330966,1026,drumstick,count/portion,without skin,146.0,146.0,146.0,1,0
330967,1011,paired raw w,special,,167.0,167.0,167.0,1,0
330967,1026,drumstick,count/portion,with skin,167.0,167.0,167.0,1,0
330967,1026,drumstick,count/portion,without skin,154.0,154.0,154.0,1,0
330968,1011,paired raw w,special,,135.0,135.0,135.0,1,0
330968,1026,drumstick,count/portion,with skin,135.0,135.0,135.0,1,0
330968,1026,drumstick,count/portion,without skin,125.0,125.0,125.0,1,0
330969,1011,paired raw w,special,,105.0,105.0,105.0,1,0
330969,1026,drumstick,count/portion,with skin,105.0,105.0,105.0,1,0
330969,1026,drumstick,count/portion,without skin,97.2,97.2,97.2,1,0
330970,1011,paired raw w,special,,143.0,143.0,143.0,1,0
330970,1026,drumstick,count/portion,with skin,143.0,143.0,143.0,1,0
330970,1026,drumstick,count/portion,without skin,130.0,130.0,130.0,1,0
330971,1011,paired raw w,special,,115.0,115.0,115.0,1,0
330971,1026,drumstick,count/portion,with skin,115.0,115.0,115.0,1,0
330971,1026,drumstick,count/portion,without skin,105.0,105.0,105.0,1,0
330972,1011,paired raw w,special,,149.0,149.0,149.0,1,0
330972,1026,drumstick,count/portion,with skin,149.0,149.0,149.0,1,0
330972,1026,drumstick,count/portion,without skin,136.0,136.0,136.0,1,0
330973,1011,paired raw w,special,,160.0,160.0,160.0,1,0
330973,1026,drumstick,count/portion,with skin,160.0,160.0,160.0,1,0
330973,1026,drumstick,count/portion,without skin,146.0,146.0,146.0,1,0
330974,1011,paired raw w,special,,111.0,111.0,111.0,1,0
330974,1026,drumstick,count/portion,with skin,111.0,111.0,111.0,1,0
330974,1026,drumstick,count/portion,without skin,99.5,99.5,99.5,1,0
330975,1011,paired raw w,special,,108.0,108.0,108.0,1,0
330975,1026,drumstick,count/portion,with skin,108.0,108.0,108.0,1,0
330975,1026,drumstick,count/portion,without skin,98.9,98.9,98.9,1,0
330976,1011,paired raw w,special,,146.0,146.0,146.0,1,0
330976,1026,drumstick,count/portion,with skin,146.0,146.0,146.0,1,0
330976,1026,drumstick,count/portion,without skin,133.0,133.0,133.0,1,0
330977,1011,paired raw w,special,,102.0,102.0,102.0,1,0
330977,1026,drumstick,count/portion,with skin,102.0,102.0,102.0,1,0
330977,1026,drumstick,count/portion,without skin,95.0,95.0,95.0,1,0
330978,1011,paired raw w,special,,158.0,158.0,158.0,1,0
330978,1026,drumstick,count/portion,with skin,158.0,158.0,158.0,1,0
330978,1026,drumstick,count/portion,without skin,139.0,139.0,139.0,1,0
330979,1011,paired raw w,special,,94.0,94.0,94.0,1,0
330979,1026,drumstick,count/portion,with skin,94.0,94.0,94.0,1,0
330979,1026,drumstick,count/portion,without skin,87.7,87.7,87.7,1,0
330980,1011,paired raw w,special,,119.0,119.0,119.0,1,0
330980,1026,drumstick,count/portion,with skin,119.0,119.0,119.0,1,0
330980,1026,drumstick,count/portion,without skin,109.0,109.0,109.0,1,0
330981,1011,paired raw w,special,,160.0,160.0,160.0,1,0
330981,1026,drumstick,count/portion,with skin,160.0,160.0,160.0,1,0
330981,1026,drumstick,count/portion,without skin,148.0,148.0,148.0,1,0
330982,1011,paired raw w,special,,140.0,140.0,140.0,1,0
330982,1026,drumstick,count/portion,with skin,140.0,140.0,140.0,1,0
330982,1026,drumstick,count/portion,without skin,137.0,137.0,137.0,1,0
330983,1011,paired raw w,special,,122.0,122.0,122.0,1,0
330983,1026,drumstick,count/portion,with skin,122.0,122.0,122.0,1,0
330983,1026,drumstick,count/portion,without skin,110.0,110.0,110.0,1,0
330984,1011,paired raw w,special,,142.0,142.0,142.0,1,0
330984,1026,drumstick,count/portion,with skin,142.0,142.0,142.0,1,0
330984,1026,drumstick,count/portion,without skin,130.0,130.0,130.0,1,0
330985,1011,paired raw w,special,,128.0,128.0,128.0,1,0
330985,1026,drumstick,count/portion,with skin,128.0,128.0,128.0,1,0
330985,1026,drumstick,count/portion,without skin,117.0,117.0,117.0,1,0
330986,1011,paired raw w,special,,131.0,131.0,131.0,1,0
330986,1026,drumstick,count/portion,with skin,131.0,131.0,131.0,1,0
330986,1026,drumstick,count/portion,without skin,118.0,118.0,118.0,1,0
330987,1011,paired raw w,special,,128.0,128.0,128.0,1,0
330987,1026,drumstick,count/portion,with skin,128.0,128.0,128.0,1,0
330987,1026,drumstick,count/portion,without skin,117.0,117.0,117.0,1,0
330988,1011,paired raw w,special,,165.0,165.0,165.0,1,0
330988,1026,drumstick,count/portion,with skin,165.0,165.0,165.0,1,0
330988,1026,drumstick,count/portion,without skin,146.0,146.0,146.0,1,0
330989,1011,paired raw w,special,,142.0,142.0,142.0,1,0
330989,1026,drumstick,count/portion,with skin,142.0,142.0,142.0,1,0
330989,1026,drumstick,count/portion,without skin,129.0,129.0,129.0,1,0
330990,1011,paired raw w,special,,94.6,94.6,94.6,1,0
330990,1026,drumstick,count/portion,with skin,94.6,94.6,94.6,1,0
330990,1026,drumstick,count/portion,without skin,86.4,86.4,86.4,1,0
330991,1011,paired raw w,special,,139.0,139.0,139.0,1,0
330991,1026,drumstick,count/portion,with skin,139.0,139.0,139.0,1,0
330991,1026,drumstick,count/portion,without skin,128.0,128.0,128.0,1,0
330992,1011,paired raw w,special,,201.0,201.0,201.0,1,0
330992,1026,drumstick,count/portion,with skin,201.0,201.0,201.0,1,0
330992,1026,drumstick,count/portion,without skin,171.0,171.0,171.0,1,0
330993,1011,paired raw w,special,,135.0,135.0,135.0,1,0
330993,1026,drumstick,count/portion,with skin,135.0,135.0,135.0,1,0
330993,1026,drumstick,count/portion,without skin,123.0,123.0,123.0,1,0
330994,1011,paired raw w,special,,130.0,130.0,130.0,1,0
330994,1026,drumstick,count/portion,with skin,130.0,130.0,130.0,1,0
330994,1026,drumstick,count/portion,without skin,123.0,123.0,123.0,1,0
330995,1011,paired raw w,special,,140.0,140.0,140.0,1,0
330995,1026,drumstick,count/portion,with skin,140.0,140.0,140.0,1,0
330995,1026,drumstick,count/portion,without skin,127.0,127.0,127.0,1,0
330996,1011,paired raw w,special,,113.0,113.0,113.0,1,0
330996,1026,drumstick,count/portion,with skin,113.0,113.0,113.0,1,0
330996,1026,drumstick,count/portion,without skin,103.0,103.0,103.0,1,0
330997,1011,paired raw w,special,,107.0,107.0,107.0,1,0
330997,1026,drumstick,count/portion,with skin,107.0,107.0,107.0,1,0
330997,1026,drumstick,count/portion,without skin,98.6,98.6,98.6,1,0
330998,1011,paired raw w,special,,113.0,113.0,113.0,1,0
330998,1026,drumstick,count/portion,with skin,113.0,113.0,113.0,1,0
330998,1026,drumstick,count/portion,without skin,104.0,104.0,104.0,1,0
330999,1011,paired raw w,special,,153.0,153.0,153.0,1,0
330999,1026,drumstick,count/portion,with skin,153.0,153.0,153.0,1,0
330999,1026,drumstick,count/portion,without skin,142.0,142.0,142.0,1,0
331000,1011,paired raw w,special,,131.0,131.0,131.0,1,0
331000,1026,drumstick,count/portion,with skin,131.0,131.0,131.0,1,0
331000,1026,drumstick,count/portion,without skin,120.0,120.0,120.0,1,0
331001,1011,paired raw w,special,,130.0,130.0,130.0,1,0
331001,1026,drumstick,count/portion,with skin,130.0,130.0,130.0,1,0
331001,1026,drumstick,count/portion,without skin,117.0,117.0,117.0,1,0
331002,1011,paired raw w,special,,115.0,115.0,115.0,1,0
331002,1026,drumstick,count/portion,with skin,115.0,115.0,115.0,1,0
331002,1026,drumstick,count/portion,without skin,106.0,106.0,106.0,1,0
331003,1011,paired raw w,special,,127.0,127.0,127.0,1,0
331003,1026,drumstick,count/portion,with skin,127.0,127.0,127.0,1,0
331003,1026,drumstick,count/portion,without skin,114.0,114.0,114.0,1,0
331004,1011,paired raw w,special,,157.0,157.0,157.0,1,0
331004,1026,drumstick,count/portion,with skin,157.0,157.0,157.0,1,0
331004,1026,drumstick,count/portion,without skin,143.0,143.0,143.0,1,0
331005,1011,paired raw w,special,,133.0,133.0,133.0,1,0
331005,1026,drumstick,count/portion,with skin,133.0,133.0,133.0,1,0
331005,1026,drumstick,count/portion,without skin,124.0,124.0,124.0,1,0
331006,1011,paired raw w,special,,154.0,154.0,154.0,1,0
331006,1026,drumstick,count/portion,with skin,154.0,154.0,154.0,1,0
331006,1026,drumstick,count/portion,without skin,138.0,138.0,138.0,1,0
331007,1011,paired raw w,special,,113.0,113.0,113.0,1,0
331007,1026,drumstick,count/portion,with skin,113.0,113.0,113.0,1,0
331007,1026,drumstick,count/portion,without skin,103.0,103.0,103.0,1,0
331008,1011,paired raw w,special,,141.0,141.0,141.0,1,0
331008,1026,drumstick,count/portion,with skin,141.0,141.0,141.0,1,0
331008,1026,drumstick,count/portion,without skin,129.0,129.0,129.0,1,0
331009,1011,paired raw w,special,,146.0,146.0,146.0,1,0
331009,1026,drumstick,count/portion,with skin,146.0,146.0,146.0,1,0
331009,1026,drumstick,count/portion,without skin,134.0,134.0,134.0,1,0
331010,1011,paired raw w,special,,134.0,134.0,134.0,1,0
331010,1026,drumstick,count/portion,with skin,134.0,134.0,134.0,1,0
331010,1026,drumstick,count/portion,without skin,121.0,121.0,121.0,1,0
331011,1011,paired raw w,special,,120.0,120.0,120.0,1,0
331011,1026,drumstick,count/portion,with skin,120.0,120.0,120.0,1,0
331011,1026,drumstick,count/portion,without skin,112.0,112.0,112.0,1,0
331012,1011,paired raw w,special,,127.0,127.0,127.0,1,0
331012,1026,drumstick,count/portion,with skin,127.0,127.0,127.0,1,0
331012,1026,drumstick,count/portion,without skin,117.0,117.0,117.0,1,0
331013,1011,paired raw w,special,,159.0,159.0,159.0,1,0
331013,1026,drumstick,count/portion,with skin,159.0,159.0,159.0,1,0
331013,1026,drumstick,count/portion,without skin,147.0,147.0,147.0,1,0
331014,1011,paired raw w,special,,131.0,131.0,131.0,1,0
331014,1026,drumstick,count/portion,with skin,131.0,131.0,131.0,1,0
331014,1026,drumstick,count/portion,without skin,121.0,121.0,121.0,1,0
331015,1011,paired raw w,special,,85.5,85.5,85.5,1,0
331015,1026,drumstick,count/portion,with skin,85.5,85.5,85.5,1,0
331015,1026,drumstick,count/portion,without skin,79.2,79.2,79.2,1,0
331039,1010,paired cooked w,special,,118.0,118.0,118.0,1,0
331039,1011,paired raw w,special,,148.0,148.0,148.0,1,0
331039,1026,drumstick,count/portion,with skin,118.0,118.0,118.0,1,0
331039,1026,drumstick,count/portion,without skin,110.0,110.0,110.0,1,0
331040,1010,paired cooked w,special,,90.5,90.5,90.5,1,0
331040,1011,paired raw w,special,,119.0,119.0,119.0,1,0
331040,1026,drumstick,count/portion,with skin,90.5,90.5,90.5,1,0
331040,1026,drumstick,count/portion,without skin,82.9,82.9,82.9,1,0
331041,1010,paired cooked w,special,,100.0,100.0,100.0,1,0
331041,1011,paired raw w,special,,126.0,126.0,126.0,1,0
331041,1026,drumstick,count/portion,with skin,100.0,100.0,100.0,1,0
331041,1026,drumstick,count/portion,without skin,91.9,91.9,91.9,1,0
331042,1010,paired cooked w,special,,133.0,133.0,133.0,1,0
331042,1011,paired raw w,special,,162.0,162.0,162.0,1,0
331042,1026,drumstick,count/portion,with skin,133.0,133.0,133.0,1,0
331042,1026,drumstick,count/portion,without skin,120.0,120.0,120.0,1,0
331043,1010,paired cooked w,special,,82.1,82.1,82.1,1,0
331043,1011,paired raw w,special,,108.0,108.0,108.0,1,0
331043,1026,drumstick,count/portion,with skin,82.1,82.1,82.1,1,0
331043,1026,drumstick,count/portion,without skin,75.6,75.6,75.6,1,0
331044,1010,paired cooked w,special,,115.0,115.0,115.0,1,0
331044,1011,paired raw w,special,,146.0,146.0,146.0,1,0
331044,1026,drumstick,count/portion,with skin,115.0,115.0,115.0,1,0
331044,1026,drumstick,count/portion,without skin,108.0,108.0,108.0,1,0
331045,1010,paired cooked w,special,,112.0,112.0,112.0,1,0
331045,1011,paired raw w,special,,144.0,144.0,144.0,1,0
331045,1026,drumstick,count/portion,with skin,112.0,112.0,112.0,1,0
331045,1026,drumstick,count/portion,without skin,105.0,105.0,105.0,1,0
331046,1010,paired cooked w,special,,101.0,101.0,101.0,1,0
331046,1011,paired raw w,special,,126.0,126.0,126.0,1,0
331046,1026,drumstick,count/portion,with skin,101.0,101.0,101.0,1,0
331046,1026,drumstick,count/portion,without skin,92.3,92.3,92.3,1,0
331047,1010,paired cooked w,special,,135.0,135.0,135.0,1,0
331047,1011,paired raw w,special,,159.0,159.0,159.0,1,0
331047,1026,drumstick,count/portion,with skin,135.0,135.0,135.0,1,0
331047,1026,drumstick,count/portion,without skin,123.0,123.0,123.0,1,0
331048,1010,paired cooked w,special,,131.0,131.0,131.0,1,0
331048,1011,paired raw w,special,,154.0,154.0,154.0,1,0
331048,1026,drumstick,count/portion,with skin,131.0,131.0,131.0,1,0
331048,1026,drumstick,count/portion,without skin,121.0,121.0,121.0,1,0
331049,1010,paired cooked w,special,,131.0,131.0,131.0,1,0
331049,1011,paired raw w,special,,161.0,161.0,161.0,1,0
331049,1026,drumstick,count/portion,with skin,131.0,131.0,131.0,1,0
331049,1026,drumstick,count/portion,without skin,121.0,121.0,121.0,1,0
331050,1010,paired cooked w,special,,102.0,102.0,102.0,1,0
331050,1011,paired raw w,special,,125.0,125.0,125.0,1,0
331050,1026,drumstick,count/portion,with skin,102.0,102.0,102.0,1,0
331050,1026,drumstick,count/portion,without skin,94.2,94.2,94.2,1,0
331051,1010,paired cooked w,special,,85.7,85.7,85.7,1,0
331051,1011,paired raw w,special,,104.0,104.0,104.0,1,0
331051,1026,drumstick,count/portion,with skin,85.7,85.7,85.7,1,0
331051,1026,drumstick,count/portion,without skin,80.0,80.0,80.0,1,0
331052,1010,paired cooked w,special,,119.0,119.0,119.0,1,0
331052,1011,paired raw w,special,,137.0,137.0,137.0,1,0
331052,1026,drumstick,count/portion,with skin,119.0,119.0,119.0,1,0
331052,1026,drumstick,count/portion,without skin,109.0,109.0,109.0,1,0
331053,1010,paired cooked w,special,,60.7,60.7,60.7,1,0
331053,1011,paired raw w,special,,83.9,83.9,83.9,1,0
331053,1026,drumstick,count/portion,with skin,60.7,60.7,60.7,1,0
331053,1026,drumstick,count/portion,without skin,54.9,54.9,54.9,1,0
331054,1010,paired cooked w,special,,96.4,96.4,96.4,1,0
331054,1011,paired raw w,special,,122.0,122.0,122.0,1,0
331054,1026,drumstick,count/portion,with skin,96.4,96.4,96.4,1,0
331054,1026,drumstick,count/portion,without skin,88.1,88.1,88.1,1,0
331055,1010,paired cooked w,special,,115.0,115.0,115.0,1,0
331055,1011,paired raw w,special,,140.0,140.0,140.0,1,0
331055,1026,drumstick,count/portion,with skin,115.0,115.0,115.0,1,0
331055,1026,drumstick,count/portion,without skin,103.0,103.0,103.0,1,0
331056,1010,paired cooked w,special,,105.0,105.0,105.0,1,0
331056,1011,paired raw w,special,,135.0,135.0,135.0,1,0
331056,1026,drumstick,count/portion,with skin,105.0,105.0,105.0,1,0
331056,1026,drumstick,count/portion,without skin,94.5,94.5,94.5,1,0
331057,1010,paired cooked w,special,,99.1,99.1,99.1,1,0
331057,1011,paired raw w,special,,114.0,114.0,114.0,1,0
331057,1026,drumstick,count/portion,with skin,99.1,99.1,99.1,1,0
331057,1026,drumstick,count/portion,without skin,92.1,92.1,92.1,1,0
331058,1010,paired cooked w,special,,97.0,97.0,97.0,1,0
331058,1011,paired raw w,special,,122.0,122.0,122.0,1,0
331058,1026,drumstick,count/portion,with skin,97.0,97.0,97.0,1,0
331058,1026,drumstick,count/portion,without skin,89.6,89.6,89.6,1,0
331059,1010,paired cooked w,special,,85.9,85.9,85.9,1,0
331059,1011,paired raw w,special,,101.0,101.0,101.0,1,0
331059,1026,drumstick,count/portion,with skin,85.9,85.9,85.9,1,0
331059,1026,drumstick,count/portion,without skin,81.2,81.2,81.2,1,0
331060,1010,paired cooked w,special,,126.0,126.0,126.0,1,0
331060,1011,paired raw w,special,,147.0,147.0,147.0,1,0
331060,1026,drumstick,count/portion,with skin,126.0,126.0,126.0,1,0
331060,1026,drumstick,count/portion,without skin,116.0,116.0,116.0,1,0
331061,1010,paired cooked w,special,,101.0,101.0,101.0,1,0
331061,1011,paired raw w,special,,126.0,126.0,126.0,1,0
331061,1026,drumstick,count/portion,with skin,101.0,101.0,101.0,1,0
331061,1026,drumstick,count/portion,without skin,93.8,93.8,93.8,1,0
331062,1010,paired cooked w,special,,82.8,82.8,82.8,1,0
331062,1011,paired raw w,special,,101.0,101.0,101.0,1,0
331062,1026,drumstick,count/portion,with skin,82.8,82.8,82.8,1,0
331062,1026,drumstick,count/portion,without skin,75.7,75.7,75.7,1,0
331063,1010,paired cooked w,special,,87.6,87.6,87.6,1,0
331063,1011,paired raw w,special,,104.0,104.0,104.0,1,0
331063,1026,drumstick,count/portion,with skin,87.6,87.6,87.6,1,0
331063,1026,drumstick,count/portion,without skin,80.8,80.8,80.8,1,0
331064,1010,paired cooked w,special,,82.9,82.9,82.9,1,0
331064,1011,paired raw w,special,,106.0,106.0,106.0,1,0
331064,1026,drumstick,count/portion,with skin,82.9,82.9,82.9,1,0
331064,1026,drumstick,count/portion,without skin,77.7,77.7,77.7,1,0
331065,1010,paired cooked w,special,,153.0,153.0,153.0,1,0
331065,1011,paired raw w,special,,172.0,172.0,172.0,1,0
331065,1026,drumstick,count/portion,with skin,153.0,153.0,153.0,1,0
331065,1026,drumstick,count/portion,without skin,138.0,138.0,138.0,1,0
331066,1010,paired cooked w,special,,107.0,107.0,107.0,1,0
331066,1011,paired raw w,special,,124.0,124.0,124.0,1,0
331066,1026,drumstick,count/portion,with skin,107.0,107.0,107.0,1,0
331066,1026,drumstick,count/portion,without skin,99.7,99.7,99.7,1,0
331067,1010,paired cooked w,special,,129.0,129.0,129.0,1,0
331067,1011,paired raw w,special,,156.0,156.0,156.0,1,0
331067,1026,drumstick,count/portion,with skin,129.0,129.0,129.0,1,0
331067,1026,drumstick,count/portion,without skin,119.0,119.0,119.0,1,0
331068,1010,paired cooked w,special,,112.0,112.0,112.0,1,0
331068,1011,paired raw w,special,,131.0,131.0,131.0,1,0
331068,1026,drumstick,count/portion,with skin,112.0,112.0,112.0,1,0
331068,1026,drumstick,count/portion,without skin,102.0,102.0,102.0,1,0
331069,1010,paired cooked w,special,,77.0,77.0,77.0,1,0
331069,1011,paired raw w,special,,105.0,105.0,105.0,1,0
331069,1026,drumstick,count/portion,with skin,77.0,77.0,77.0,1,0
331069,1026,drumstick,count/portion,without skin,71.8,71.8,71.8,1,0
331070,1010,paired cooked w,special,,96.6,96.6,96.6,1,0
331070,1011,paired raw w,special,,115.0,115.0,115.0,1,0
331070,1026,drumstick,count/portion,with skin,96.6,96.6,96.6,1,0
331070,1026,drumstick,count/portion,without skin,87.0,87.0,87.0,1,0
331071,1010,paired cooked w,special,,99.2,99.2,99.2,1,0
331071,1011,paired raw w,special,,119.0,119.0,119.0,1,0
331071,1026,drumstick,count/portion,with skin,99.2,99.2,99.2,1,0
331071,1026,drumstick,count/portion,without skin,91.8,91.8,91.8,1,0
331072,1010,paired cooked w,special,,116.0,116.0,116.0,1,0
331072,1011,paired raw w,special,,132.0,132.0,132.0,1,0
331072,1026,drumstick,count/portion,with skin,116.0,116.0,116.0,1,0
331072,1026,drumstick,count/portion,without skin,109.0,109.0,109.0,1,0
331073,1010,paired cooked w,special,,106.0,106.0,106.0,1,0
331073,1011,paired raw w,special,,128.0,128.0,128.0,1,0
331073,1026,drumstick,count/portion,with skin,106.0,106.0,106.0,1,0
331073,1026,drumstick,count/portion,without skin,98.7,98.7,98.7,1,0
331074,1010,paired cooked w,special,,102.0,102.0,102.0,1,0
331074,1011,paired raw w,special,,117.0,117.0,117.0,1,0
331074,1026,drumstick,count/portion,with skin,102.0,102.0,102.0,1,0
331074,1026,drumstick,count/portion,without skin,92.7,92.7,92.7,1,0
331075,1010,paired cooked w,special,,103.0,103.0,103.0,1,0
331075,1011,paired raw w,special,,130.0,130.0,130.0,1,0
331075,1026,drumstick,count/portion,with skin,103.0,103.0,103.0,1,0
331075,1026,drumstick,count/portion,without skin,95.2,95.2,95.2,1,0
331076,1010,paired cooked w,special,,113.0,113.0,113.0,1,0
331076,1011,paired raw w,special,,134.0,134.0,134.0,1,0
331076,1026,drumstick,count/portion,with skin,113.0,113.0,113.0,1,0
331076,1026,drumstick,count/portion,without skin,105.0,105.0,105.0,1,0
331077,1010,paired cooked w,special,,122.0,122.0,122.0,1,0
331077,1011,paired raw w,special,,140.0,140.0,140.0,1,0
331077,1026,drumstick,count/portion,with skin,122.0,122.0,122.0,1,0
331077,1026,drumstick,count/portion,without skin,109.0,109.0,109.0,1,0
331078,1010,paired cooked w,special,,70.1,70.1,70.1,1,0
331078,1011,paired raw w,special,,96.8,96.8,96.8,1,0
331078,1026,drumstick,count/portion,with skin,70.1,70.1,70.1,1,0
331078,1026,drumstick,count/portion,without skin,64.3,64.3,64.3,1,0
331079,1010,paired cooked w,special,,116.0,116.0,116.0,1,0
331079,1011,paired raw w,special,,152.0,152.0,152.0,1,0
331079,1026,drumstick,count/portion,with skin,116.0,116.0,116.0,1,0
331079,1026,drumstick,count/portion,without skin,105.0,105.0,105.0,1,0
331080,1010,paired cooked w,special,,87.5,87.5,87.5,1,0
331080,1011,paired raw w,special,,107.0,107.0,107.0,1,0
331080,1026,drumstick,count/portion,with skin,87.5,87.5,87.5,1,0
331080,1026,drumstick,count/portion,without skin,80.0,80.0,80.0,1,0
331081,1010,paired cooked w,special,,92.7,92.7,92.7,1,0
331081,1011,paired raw w,special,,116.0,116.0,116.0,1,0
331081,1026,drumstick,count/portion,with skin,92.7,92.7,92.7,1,0
331081,1026,drumstick,count/portion,without skin,86.3,86.3,86.3,1,0
331082,1010,paired cooked w,special,,106.0,106.0,106.0,1,0
331082,1011,paired raw w,special,,141.0,141.0,141.0,1,0
331082,1026,drumstick,count/portion,with skin,106.0,106.0,106.0,1,0
331082,1026,drumstick,count/portion,without skin,99.3,99.3,99.3,1,0
331083,1010,paired cooked w,special,,107.0,107.0,107.0,1,0
331083,1011,paired raw w,special,,128.0,128.0,128.0,1,0
331083,1026,drumstick,count/portion,with skin,107.0,107.0,107.0,1,0
331083,1026,drumstick,count/portion,without skin,99.0,99.0,99.0,1,0
331084,1010,paired cooked w,special,,108.0,108.0,108.0,1,0
331084,1011,paired raw w,special,,132.0,132.0,132.0,1,0
331084,1026,drumstick,count/portion,with skin,108.0,108.0,108.0,1,0
331084,1026,drumstick,count/portion,without skin,101.0,101.0,101.0,1,0
331085,1010,paired cooked w,special,,110.0,110.0,110.0,1,0
331085,1011,paired raw w,special,,133.0,133.0,133.0,1,0
331085,1026,drumstick,count/portion,with skin,110.0,110.0,110.0,1,0
331085,1026,drumstick,count/portion,without skin,97.5,97.5,97.5,1,0
331086,1010,paired cooked w,special,,140.0,140.0,140.0,1,0
331086,1011,paired raw w,special,,168.0,168.0,168.0,1,0
331086,1026,drumstick,count/portion,with skin,140.0,140.0,140.0,1,0
331086,1026,drumstick,count/portion,without skin,124.0,124.0,124.0,1,0
331087,1010,paired cooked w,special,,112.0,112.0,112.0,1,0
331087,1011,paired raw w,special,,129.0,129.0,129.0,1,0
331087,1026,drumstick,count/portion,with skin,112.0,112.0,112.0,1,0
331087,1026,drumstick,count/portion,without skin,104.0,104.0,104.0,1,0
331088,1010,paired cooked w,special,,93.5,93.5,93.5,1,0
331088,1011,paired raw w,special,,105.0,105.0,105.0,1,0
331088,1026,drumstick,count/portion,with skin,93.5,93.5,93.5,1,0
331088,1026,drumstick,count/portion,without skin,83.9,83.9,83.9,1,0
331110,1010,paired cooked w,special,,103.0,103.0,103.0,1,0
331110,1011,paired raw w,special,,135.0,135.0,135.0,1,0
331110,1026,drumstick,count/portion,with skin,103.0,103.0,103.0,1,0
331110,1026,drumstick,count/portion,without skin,94.9,94.9,94.9,1,0
331111,1010,paired cooked w,special,,128.0,128.0,128.0,1,0
331111,1011,paired raw w,special,,153.0,153.0,153.0,1,0
331111,1026,drumstick,count/portion,with skin,128.0,128.0,128.0,1,0
331111,1026,drumstick,count/portion,without skin,115.0,115.0,115.0,1,0
331112,1010,paired cooked w,special,,100.0,100.0,100.0,1,0
331112,1011,paired raw w,special,,129.0,129.0,129.0,1,0
331112,1026,drumstick,count/portion,with skin,100.0,100.0,100.0,1,0
331112,1026,drumstick,count/portion,without skin,91.6,91.6,91.6,1,0
331113,1010,paired cooked w,special,,88.1,88.1,88.1,1,0
331113,1011,paired raw w,special,,127.0,127.0,127.0,1,0
331113,1026,drumstick,count/portion,with skin,88.1,88.1,88.1,1,0
331113,1026,drumstick,count/portion,without skin,80.1,80.1,80.1,1,0
331114,1010,paired cooked w,special,,77.2,77.2,77.2,1,0
331114,1011,paired raw w,special,,103.0,103.0,103.0,1,0
331114,1026,drumstick,count/portion,with skin,77.2,77.2,77.2,1,0
331114,1026,drumstick,count/portion,without skin,69.5,69.5,69.5,1,0
331115,1010,paired cooked w,special,,96.2,96.2,96.2,1,0
331115,1011,paired raw w,special,,123.0,123.0,123.0,1,0
331115,1026,drumstick,count/portion,with skin,96.2,96.2,96.2,1,0
331115,1026,drumstick,count/portion,without skin,87.1,87.1,87.1,1,0
331116,1010,paired cooked w,special,,101.0,101.0,101.0,1,0
331116,1011,paired raw w,special,,136.0,136.0,136.0,1,0
331116,1026,drumstick,count/portion,with skin,101.0,101.0,101.0,1,0
331116,1026,drumstick,count/portion,without skin,90.4,90.4,90.4,1,0
331117,1010,paired cooked w,special,,111.0,111.0,111.0,1,0
331117,1011,paired raw w,special,,141.0,141.0,141.0,1,0
331117,1026,drumstick,count/portion,with skin,111.0,111.0,111.0,1,0
331117,1026,drumstick,count/portion,without skin,102.0,102.0,102.0,1,0
331118,1010,paired cooked w,special,,141.0,141.0,141.0,1,0
331118,1011,paired raw w,special,,166.0,166.0,166.0,1,0
331118,1026,drumstick,count/portion,with skin,141.0,141.0,141.0,1,0
331118,1026,drumstick,count/portion,without skin,126.0,126.0,126.0,1,0
331119,1010,paired cooked w,special,,77.8,77.8,77.8,1,0
331119,1011,paired raw w,special,,93.4,93.4,93.4,1,0
331119,1026,drumstick,count/portion,with skin,77.8,77.8,77.8,1,0
331119,1026,drumstick,count/portion,without skin,70.3,70.3,70.3,1,0
331120,1010,paired cooked w,special,,91.0,91.0,91.0,1,0
331120,1011,paired raw w,special,,121.0,121.0,121.0,1,0
331120,1026,drumstick,count/portion,with skin,91.0,91.0,91.0,1,0
331120,1026,drumstick,count/portion,without skin,82.4,82.4,82.4,1,0
331121,1010,paired cooked w,special,,115.0,115.0,115.0,1,0
331121,1011,paired raw w,special,,160.0,160.0,160.0,1,0
331121,1026,drumstick,count/portion,with skin,115.0,115.0,115.0,1,0
331121,1026,drumstick,count/portion,without skin,106.0,106.0,106.0,1,0
331122,1010,paired cooked w,special,,124.0,124.0,124.0,1,0
331122,1011,paired raw w,special,,154.0,154.0,154.0,1,0
331122,1026,drumstick,count/portion,with skin,124.0,124.0,124.0,1,0
331122,1026,drumstick,count/portion,without skin,112.0,112.0,112.0,1,0
331123,1010,paired cooked w,special,,76.0,76.0,76.0,1,0
331123,1011,paired raw w,special,,105.0,105.0,105.0,1,0
331123,1026,drumstick,count/portion,with skin,76.0,76.0,76.0,1,0
331123,1026,drumstick,count/portion,without skin,67.8,67.8,67.8,1,0
331124,1010,paired cooked w,special,,97.9,97.9,97.9,1,0
331124,1011,paired raw w,special,,124.0,124.0,124.0,1,0
331124,1026,drumstick,count/portion,with skin,97.9,97.9,97.9,1,0
331124,1026,drumstick,count/portion,without skin,89.9,89.9,89.9,1,0
331125,1010,paired cooked w,special,,134.0,134.0,134.0,1,0
331125,1011,paired raw w,special,,178.0,178.0,178.0,1,0
331125,1026,drumstick,count/portion,with skin,134.0,134.0,134.0,1,0
331125,1026,drumstick,count/portion,without skin,120.0,120.0,120.0,1,0
331126,1010,paired cooked w,special,,109.0,109.0,109.0,1,0
331126,1011,paired raw w,special,,137.0,137.0,137.0,1,0
331126,1026,drumstick,count/portion,with skin,109.0,109.0,109.0,1,0
331126,1026,drumstick,count/portion,without skin,99.2,99.2,99.2,1,0
331127,1010,paired cooked w,special,,69.3,69.3,69.3,1,0
331127,1011,paired raw w,special,,89.0,89.0,89.0,1,0
331127,1026,drumstick,count/portion,with skin,69.3,69.3,69.3,1,0
331127,1026,drumstick,count/portion,without skin,62.9,62.9,62.9,1,0
331128,1010,paired cooked w,special,,114.0,114.0,114.0,1,0
331128,1011,paired raw w,special,,151.0,151.0,151.0,1,0
331128,1026,drumstick,count/portion,with skin,114.0,114.0,114.0,1,0
331128,1026,drumstick,count/portion,without skin,103.0,103.0,103.0,1,0
331129,1010,paired cooked w,special,,107.0,107.0,107.0,1,0
331129,1011,paired raw w,special,,144.0,144.0,144.0,1,0
331129,1026,drumstick,count/portion,with skin,107.0,107.0,107.0,1,0
331129,1026,drumstick,count/portion,without skin,98.1,98.1,98.1,1,0
331130,1010,paired cooked w,special,,77.6,77.6,77.6,1,0
331130,1011,paired raw w,special,,105.0,105.0,105.0,1,0
331130,1026,drumstick,count/portion,with skin,77.6,77.6,77.6,1,0
331130,1026,drumstick,count/portion,without skin,70.8,70.8,70.8,1,0
331131,1010,paired cooked w,special,,104.0,104.0,104.0,1,0
331131,1011,paired raw w,special,,127.0,127.0,127.0,1,0
331131,1026,drumstick,count/portion,with skin,104.0,104.0,104.0,1,0
331131,1026,drumstick,count/portion,without skin,93.1,93.1,93.1,1,0
331132,1010,paired cooked w,special,,103.0,103.0,103.0,1,0
331132,1011,paired raw w,special,,120.0,120.0,120.0,1,0
331132,1026,drumstick,count/portion,with skin,103.0,103.0,103.0,1,0
331132,1026,drumstick,count/portion,without skin,93.2,93.2,93.2,1,0
331133,1010,paired cooked w,special,,82.8,82.8,82.8,1,0
331133,1011,paired raw w,special,,114.0,114.0,114.0,1,0
331133,1026,drumstick,count/portion,with skin,82.8,82.8,82.8,1,0
331133,1026,drumstick,count/portion,without skin,75.6,75.6,75.6,1,0
331134,1010,paired cooked w,special,,141.0,141.0,141.0,1,0
331134,1011,paired raw w,special,,181.0,181.0,181.0,1,0
331134,1026,drumstick,count/portion,with skin,141.0,141.0,141.0,1,0
331134,1026,drumstick,count/portion,without skin,123.0,123.0,123.0,1,0
331135,1010,paired cooked w,special,,95.6,95.6,95.6,1,0
331135,1011,paired raw w,special,,130.0,130.0,130.0,1,0
331135,1026,drumstick,count/portion,with skin,95.6,95.6,95.6,1,0
331135,1026,drumstick,count/portion,without skin,87.4,87.4,87.4,1,0
331136,1010,paired cooked w,special,,111.0,111.0,111.0,1,0
331136,1011,paired raw w,special,,146.0,146.0,146.0,1,0
331136,1026,drumstick,count/portion,with skin,111.0,111.0,111.0,1,0
331136,1026,drumstick,count/portion,without skin,98.8,98.8,98.8,1,0
331137,1010,paired cooked w,special,,84.0,84.0,84.0,1,0
331137,1011,paired raw w,special,,110.0,110.0,110.0,1,0
331137,1026,drumstick,count/portion,with skin,84.0,84.0,84.0,1,0
331137,1026,drumstick,count/portion,without skin,77.9,77.9,77.9,1,0
331138,1010,paired cooked w,special,,119.0,119.0,119.0,1,0
331138,1011,paired raw w,special,,151.0,151.0,151.0,1,0
331138,1026,drumstick,count/portion,with skin,119.0,119.0,119.0,1,0
331138,1026,drumstick,count/portion,without skin,107.0,107.0,107.0,1,0
331139,1010,paired cooked w,special,,114.0,114.0,114.0,1,0
331139,1011,paired raw w,special,,157.0,157.0,157.0,1,0
331139,1026,drumstick,count/portion,with skin,114.0,114.0,114.0,1,0
331139,1026,drumstick,count/portion,without skin,109.0,109.0,109.0,1,0
331140,1010,paired cooked w,special,,110.0,110.0,110.0,1,0
331140,1011,paired raw w,special,,150.0,150.0,150.0,1,0
331140,1026,drumstick,count/portion,with skin,110.0,110.0,110.0,1,0
331140,1026,drumstick,count/portion,without skin,102.0,102.0,102.0,1,0
331141,1010,paired cooked w,special,,124.0,124.0,124.0,1,0
331141,1011,paired raw w,special,,158.0,158.0,158.0,1,0
331141,1026,drumstick,count/portion,with skin,124.0,124.0,124.0,1,0
331141,1026,drumstick,count/portion,without skin,114.0,114.0,114.0,1,0
331142,1010,paired cooked w,special,,94.7,94.7,94.7,1,0
331142,1011,paired raw w,special,,130.0,130.0,130.0,1,0
331142,1026,drumstick,count/portion,with skin,94.7,94.7,94.7,1,0
331142,1026,drumstick,count/portion,without skin,86.2,86.2,86.2,1,0
331143,1010,paired cooked w,special,,99.4,99.4,99.4,1,0
331143,1011,paired raw w,special,,127.0,127.0,127.0,1,0
331143,1026,drumstick,count/portion,with skin,99.4,99.4,99.4,1,0
331143,1026,drumstick,count/portion,without skin,91.7,91.7,91.7,1,0
331144,1010,paired cooked w,special,,77.8,77.8,77.8,1,0
331144,1011,paired raw w,special,,101.0,101.0,101.0,1,0
331144,1026,drumstick,count/portion,with skin,77.8,77.8,77.8,1,0
331144,1026,drumstick,count/portion,without skin,69.9,69.9,69.9,1,0
331145,1010,paired cooked w,special,,115.0,115.0,115.0,1,0
331145,1011,paired raw w,special,,134.0,134.0,134.0,1,0
331145,1026,drumstick,count/portion,with skin,115.0,115.0,115.0,1,0
331145,1026,drumstick,count/portion,without skin,104.0,104.0,104.0,1,0
331146,1010,paired cooked w,special,,87.1,87.1,87.1,1,0
331146,1011,paired raw w,special,,119.0,119.0,119.0,1,0
331146,1026,drumstick,count/portion,with skin,87.1,87.1,87.1,1,0
331146,1026,drumstick,count/portion,without skin,79.2,79.2,79.2,1,0
331147,1010,paired cooked w,special,,136.0,136.0,136.0,1,0
331147,1011,paired raw w,special,,140.0,140.0,140.0,1,0
331147,1026,drumstick,count/portion,with skin,136.0,136.0,136.0,1,0
331147,1026,drumstick,count/portion,without skin,123.0,123.0,123.0,1,0
331148,1010,paired cooked w,special,,117.0,117.0,117.0,1,0
331148,1011,paired raw w,special,,143.0,143.0,143.0,1,0
331148,1026,drumstick,count/portion,with skin,117.0,117.0,117.0,1,0
331148,1026,drumstick,count/portion,without skin,106.0,106.0,106.0,1,0
331149,1010,paired cooked w,special,,109.0,109.0,109.0,1,0
331149,1011,paired raw w,special,,137.0,137.0,137.0,1,0
331149,1026,drumstick,count/portion,with skin,109.0,109.0,109.0,1,0
331149,1026,drumstick,count/portion,without skin,101.0,101.0,101.0,1,0
331150,1010,paired cooked w,special,,89.7,89.7,89.7,1,0
331150,1011,paired raw w,special,,117.0,117.0,117.0,1,0
331150,1026,drumstick,count/portion,with skin,89.7,89.7,89.7,1,0
331150,1026,drumstick,count/portion,without skin,79.5,79.5,79.5,1,0
331151,1010,paired cooked w,special,,111.0,111.0,111.0,1,0
331151,1011,paired raw w,special,,133.0,133.0,133.0,1,0
331151,1026,drumstick,count/portion,with skin,111.0,111.0,111.0,1,0
331151,1026,drumstick,count/portion,without skin,101.0,101.0,101.0,1,0
331152,1010,paired cooked w,special,,125.0,125.0,125.0,1,0
331152,1011,paired raw w,special,,158.0,158.0,158.0,1,0
331152,1026,drumstick,count/portion,with skin,125.0,125.0,125.0,1,0
331152,1026,drumstick,count/portion,without skin,110.0,110.0,110.0,1,0
331153,1010,paired cooked w,special,,116.0,116.0,116.0,1,0
331153,1011,paired raw w,special,,154.0,154.0,154.0,1,0
331153,1026,drumstick,count/portion,with skin,116.0,116.0,116.0,1,0
331153,1026,drumstick,count/portion,without skin,105.0,105.0,105.0,1,0
331154,1010,paired cooked w,special,,109.0,109.0,109.0,1,0
331154,1011,paired raw w,special,,144.0,144.0,144.0,1,0
331154,1026,drumstick,count/portion,with skin,109.0,109.0,109.0,1,0
331154,1026,drumstick,count/portion,without skin,101.0,101.0,101.0,1,0
331155,1010,paired cooked w,special,,109.0,109.0,109.0,1,0
331155,1011,paired raw w,special,,133.0,133.0,133.0,1,0
331155,1026,drumstick,count/portion,with skin,109.0,109.0,109.0,1,0
331155,1026,drumstick,count/portion,without skin,101.0,101.0,101.0,1,0
331156,1010,paired cooked w,special,,99.0,99.0,99.0,1,0
331156,1011,paired raw w,special,,128.0,128.0,128.0,1,0
331156,1026,drumstick,count/portion,with skin,99.0,99.0,99.0,1,0
331156,1026,drumstick,count/portion,without skin,90.1,90.1,90.1,1,0
331157,1010,paired cooked w,special,,89.6,89.6,89.6,1,0
331157,1011,paired raw w,special,,128.0,128.0,128.0,1,0
331157,1026,drumstick,count/portion,with skin,89.6,89.6,89.6,1,0
331157,1026,drumstick,count/portion,without skin,77.7,77.7,77.7,1,0
331158,1010,paired cooked w,special,,116.0,116.0,116.0,1,0
331158,1011,paired raw w,special,,153.0,153.0,153.0,1,0
331158,1026,drumstick,count/portion,with skin,116.0,116.0,116.0,1,0
331158,1026,drumstick,count/portion,without skin,105.0,105.0,105.0,1,0
331159,1010,paired cooked w,special,,83.1,83.1,83.1,1,0
331159,1011,paired raw w,special,,124.0,124.0,124.0,1,0
331159,1026,drumstick,count/portion,with skin,83.1,83.1,83.1,1,0
331159,1026,drumstick,count/portion,without skin,75.9,75.9,75.9,1,0
331181,1011,paired raw w,special,,174.0,174.0,174.0,1,0
331181,1058,thigh,count/portion,with skin,174.0,174.0,174.0,1,0
331181,1058,thigh,count/portion,without skin,135.0,135.0,135.0,1,0
331182,1011,paired raw w,special,,261.0,261.0,261.0,1,0
331182,1058,thigh,count/portion,with skin,261.0,261.0,261.0,1,0
331182,1058,thigh,count/portion,without skin,226.0,226.0,226.0,1,0
331183,1011,paired raw w,special,,234.0,234.0,234.0,1,0
331183,1058,thigh,count/portion,with skin,234.0,234.0,234.0,1,0
331183,1058,thigh,count/portion,without skin,180.0,180.0,180.0,1,0
331184,1011,paired raw w,special,,216.0,216.0,216.0,1,0
331184,1058,thigh,count/portion,with skin,216.0,216.0,216.0,1,0
331184,1058,thigh,count/portion,without skin,184.0,184.0,184.0,1,0
331185,1011,paired raw w,special,,172.0,172.0,172.0,1,0
331185,1058,thigh,count/portion,with skin,172.0,172.0,172.0,1,0
331185,1058,thigh,count/portion,without skin,121.0,121.0,121.0,1,0
331186,1011,paired raw w,special,,211.0,211.0,211.0,1,0
331186,1058,thigh,count/portion,with skin,211.0,211.0,211.0,1,0
331186,1058,thigh,count/portion,without skin,155.0,155.0,155.0,1,0
331187,1011,paired raw w,special,,183.0,183.0,183.0,1,0
331187,1058,thigh,count/portion,with skin,183.0,183.0,183.0,1,0
331187,1058,thigh,count/portion,without skin,153.0,153.0,153.0,1,0
331188,1011,paired raw w,special,,159.0,159.0,159.0,1,0
331188,1058,thigh,count/portion,with skin,159.0,159.0,159.0,1,0
331188,1058,thigh,count/portion,without skin,126.0,126.0,126.0,1,0
331189,1011,paired raw w,special,,171.0,171.0,171.0,1,0
331189,1058,thigh,count/portion,with skin,171.0,171.0,171.0,1,0
331189,1058,thigh,count/portion,without skin,137.0,137.0,137.0,1,0
331190,1011,paired raw w,special,,154.0,154.0,154.0,1,0
331190,1058,thigh,count/portion,with skin,154.0,154.0,154.0,1,0
331190,1058,thigh,count/portion,without skin,118.0,118.0,118.0,1,0
331191,1011,paired raw w,special,,214.0,214.0,214.0,1,0
331191,1058,thigh,count/portion,with skin,214.0,214.0,214.0,1,0
331191,1058,thigh,count/portion,without skin,179.0,179.0,179.0,1,0
331192,1011,paired raw w,special,,219.0,219.0,219.0,1,0
331192,1058,thigh,count/portion,with skin,219.0,219.0,219.0,1,0
331192,1058,thigh,count/portion,without skin,172.0,172.0,172.0,1,0
331193,1011,paired raw w,special,,177.0,177.0,177.0,1,0
331193,1058,thigh,count/portion,with skin,177.0,177.0,177.0,1,0
331193,1058,thigh,count/portion,without skin,146.0,146.0,146.0,1,0
331194,1011,paired raw w,special,,194.0,194.0,194.0,1,0
331194,1058,thigh,count/portion,with skin,194.0,194.0,194.0,1,0
331194,1058,thigh,count/portion,without skin,169.0,169.0,169.0,1,0
331195,1011,paired raw w,special,,186.0,186.0,186.0,1,0
331195,1058,thigh,count/portion,with skin,186.0,186.0,186.0,1,0
331195,1058,thigh,count/portion,without skin,145.0,145.0,145.0,1,0
331196,1011,paired raw w,special,,212.0,212.0,212.0,1,0
331196,1058,thigh,count/portion,with skin,212.0,212.0,212.0,1,0
331196,1058,thigh,count/portion,without skin,174.0,174.0,174.0,1,0
331197,1011,paired raw w,special,,213.0,213.0,213.0,1,0
331197,1058,thigh,count/portion,with skin,213.0,213.0,213.0,1,0
331197,1058,thigh,count/portion,without skin,160.0,160.0,160.0,1,0
331198,1011,paired raw w,special,,152.0,152.0,152.0,1,0
331198,1058,thigh,count/portion,with skin,152.0,152.0,152.0,1,0
331198,1058,thigh,count/portion,without skin,122.0,122.0,122.0,1,0
331199,1011,paired raw w,special,,236.0,236.0,236.0,1,0
331199,1058,thigh,count/portion,with skin,236.0,236.0,236.0,1,0
331199,1058,thigh,count/portion,without skin,185.0,185.0,185.0,1,0
331200,1011,paired raw w,special,,174.0,174.0,174.0,1,0
331200,1058,thigh,count/portion,with skin,174.0,174.0,174.0,1,0
331200,1058,thigh,count/portion,without skin,137.0,137.0,137.0,1,0
331201,1011,paired raw w,special,,159.0,159.0,159.0,1,0
331201,1058,thigh,count/portion,with skin,159.0,159.0,159.0,1,0
331201,1058,thigh,count/portion,without skin,129.0,129.0,129.0,1,0
331202,1011,paired raw w,special,,210.0,210.0,210.0,1,0
331202,1058,thigh,count/portion,with skin,210.0,210.0,210.0,1,0
331202,1058,thigh,count/portion,without skin,163.0,163.0,163.0,1,0
331203,1011,paired raw w,special,,146.0,146.0,146.0,1,0
331203,1058,thigh,count/portion,with skin,146.0,146.0,146.0,1,0
331203,1058,thigh,count/portion,without skin,106.0,106.0,106.0,1,0
331204,1011,paired raw w,special,,162.0,162.0,162.0,1,0
331204,1058,thigh,count/portion,with skin,162.0,162.0,162.0,1,0
331204,1058,thigh,count/portion,without skin,125.0,125.0,125.0,1,0
331205,1011,paired raw w,special,,221.0,221.0,221.0,1,0
331205,1058,thigh,count/portion,with skin,221.0,221.0,221.0,1,0
331205,1058,thigh,count/portion,without skin,180.0,180.0,180.0,1,0
331206,1011,paired raw w,special,,143.0,143.0,143.0,1,0
331206,1058,thigh,count/portion,with skin,143.0,143.0,143.0,1,0
331206,1058,thigh,count/portion,without skin,111.0,111.0,111.0,1,0
331207,1011,paired raw w,special,,152.0,152.0,152.0,1,0
331207,1058,thigh,count/portion,with skin,152.0,152.0,152.0,1,0
331207,1058,thigh,count/portion,without skin,116.0,116.0,116.0,1,0
331208,1011,paired raw w,special,,161.0,161.0,161.0,1,0
331208,1058,thigh,count/portion,with skin,161.0,161.0,161.0,1,0
331208,1058,thigh,count/portion,without skin,117.0,117.0,117.0,1,0
331209,1011,paired raw w,special,,160.0,160.0,160.0,1,0
331209,1058,thigh,count/portion,with skin,160.0,160.0,160.0,1,0
331209,1058,thigh,count/portion,without skin,123.0,123.0,123.0,1,0
331210,1011,paired raw w,special,,143.0,143.0,143.0,1,0
331210,1058,thigh,count/portion,with skin,143.0,143.0,143.0,1,0
331210,1058,thigh,count/portion,without skin,120.0,120.0,120.0,1,0
331211,1011,paired raw w,special,,195.0,195.0,195.0,1,0
331211,1058,thigh,count/portion,with skin,195.0,195.0,195.0,1,0
331211,1058,thigh,count/portion,without skin,154.0,154.0,154.0,1,0
331212,1011,paired raw w,special,,190.0,190.0,190.0,1,0
331212,1058,thigh,count/portion,with skin,190.0,190.0,190.0,1,0
331212,1058,thigh,count/portion,without skin,152.0,152.0,152.0,1,0
331213,1011,paired raw w,special,,161.0,161.0,161.0,1,0
331213,1058,thigh,count/portion,with skin,161.0,161.0,161.0,1,0
331213,1058,thigh,count/portion,without skin,120.0,120.0,120.0,1,0
331214,1011,paired raw w,special,,176.0,176.0,176.0,1,0
331214,1058,thigh,count/portion,with skin,176.0,176.0,176.0,1,0
331214,1058,thigh,count/portion,without skin,127.0,127.0,127.0,1,0
331215,1011,paired raw w,special,,184.0,184.0,184.0,1,0
331215,1058,thigh,count/portion,with skin,184.0,184.0,184.0,1,0
331215,1058,thigh,count/portion,without skin,144.0,144.0,144.0,1,0
331216,1011,paired raw w,special,,255.0,255.0,255.0,1,0
331216,1058,thigh,count/portion,with skin,255.0,255.0,255.0,1,0
331216,1058,thigh,count/portion,without skin,200.0,200.0,200.0,1,0
331217,1011,paired raw w,special,,182.0,182.0,182.0,1,0
331217,1058,thigh,count/portion,with skin,182.0,182.0,182.0,1,0
331217,1058,thigh,count/portion,without skin,156.0,156.0,156.0,1,0
331218,1011,paired raw w,special,,157.0,157.0,157.0,1,0
331218,1058,thigh,count/portion,with skin,157.0,157.0,157.0,1,0
331218,1058,thigh,count/portion,without skin,130.0,130.0,130.0,1,0
331219,1011,paired raw w,special,,187.0,187.0,187.0,1,0
331219,1058,thigh,count/portion,with skin,187.0,187.0,187.0,1,0
331219,1058,thigh,count/portion,without skin,127.0,127.0,127.0,1,0
331220,1011,paired raw w,special,,209.0,209.0,209.0,1,0
331220,1058,thigh,count/portion,with skin,209.0,209.0,209.0,1,0
331220,1058,thigh,count/portion,without skin,173.0,173.0,173.0,1,0
331221,1011,paired raw w,special,,188.0,188.0,188.0,1,0
331221,1058,thigh,count/portion,with skin,188.0,188.0,188.0,1,0
331221,1058,thigh,count/portion,without skin,143.0,143.0,143.0,1,0
331222,1011,paired raw w,special,,227.0,227.0,227.0,1,0
331222,1058,thigh,count/portion,with skin,227.0,227.0,227.0,1,0
331222,1058,thigh,count/portion,without skin,172.0,172.0,172.0,1,0
331223,1011,paired raw w,special,,166.0,166.0,166.0,1,0
331223,1058,thigh,count/portion,with skin,166.0,166.0,166.0,1,0
331223,1058,thigh,count/portion,without skin,128.0,128.0,128.0,1,0
331224,1011,paired raw w,special,,239.0,239.0,239.0,1,0
331224,1058,thigh,count/portion,with skin,239.0,239.0,239.0,1,0
331224,1058,thigh,count/portion,without skin,183.0,183.0,183.0,1,0
331225,1011,paired raw w,special,,207.0,207.0,207.0,1,0
331225,1058,thigh,count/portion,with skin,207.0,207.0,207.0,1,0
331225,1058,thigh,count/portion,without skin,168.0,168.0,168.0,1,0
331249,1010,paired cooked w,special,,171.0,171.0,171.0,1,0
331249,1011,paired raw w,special,,212.0,212.0,212.0,1,0
331249,1058,thigh,count/portion,with skin,171.0,171.0,171.0,1,0
331249,1058,thigh,count/portion,without skin,140.0,140.0,140.0,1,0
331250,1010,paired cooked w,special,,114.0,114.0,114.0,1,0
331250,1011,paired raw w,special,,161.0,161.0,161.0,1,0
331250,1058,thigh,count/portion,with skin,114.0,114.0,114.0,1,0
331250,1058,thigh,count/portion,without skin,98.6,98.6,98.6,1,0
331251,1010,paired cooked w,special,,186.0,186.0,186.0,1,0
331251,1011,paired raw w,special,,239.0,239.0,239.0,1,0
331251,1058,thigh,count/portion,with skin,186.0,186.0,186.0,1,0
331251,1058,thigh,count/portion,without skin,162.0,162.0,162.0,1,0
331252,1010,paired cooked w,special,,108.0,108.0,108.0,1,0
331252,1011,paired raw w,special,,147.0,147.0,147.0,1,0
331252,1058,thigh,count/portion,with skin,108.0,108.0,108.0,1,0
331252,1058,thigh,count/portion,without skin,94.1,94.1,94.1,1,0
331253,1010,paired cooked w,special,,114.0,114.0,114.0,1,0
331253,1011,paired raw w,special,,180.0,180.0,180.0,1,0
331253,1058,thigh,count/portion,with skin,114.0,114.0,114.0,1,0
331253,1058,thigh,count/portion,without skin,100.0,100.0,100.0,1,0
331254,1010,paired cooked w,special,,138.0,138.0,138.0,1,0
331254,1011,paired raw w,special,,193.0,193.0,193.0,1,0
331254,1058,thigh,count/portion,with skin,138.0,138.0,138.0,1,0
331254,1058,thigh,count/portion,without skin,119.0,119.0,119.0,1,0
331255,1010,paired cooked w,special,,162.0,162.0,162.0,1,0
331255,1011,paired raw w,special,,225.0,225.0,225.0,1,0
331255,1058,thigh,count/portion,with skin,162.0,162.0,162.0,1,0
331255,1058,thigh,count/portion,without skin,139.0,139.0,139.0,1,0
331256,1010,paired cooked w,special,,105.0,105.0,105.0,1,0
331256,1011,paired raw w,special,,138.0,138.0,138.0,1,0
331256,1058,thigh,count/portion,with skin,105.0,105.0,105.0,1,0
331256,1058,thigh,count/portion,without skin,89.0,89.0,89.0,1,0
331257,1010,paired cooked w,special,,128.0,128.0,128.0,1,0
331257,1011,paired raw w,special,,168.0,168.0,168.0,1,0
331257,1058,thigh,count/portion,with skin,128.0,128.0,128.0,1,0
331257,1058,thigh,count/portion,without skin,106.0,106.0,106.0,1,0
331258,1010,paired cooked w,special,,93.3,93.3,93.3,1,0
331258,1011,paired raw w,special,,135.0,135.0,135.0,1,0
331258,1058,thigh,count/portion,with skin,93.3,93.3,93.3,1,0
331258,1058,thigh,count/portion,without skin,74.8,74.8,74.8,1,0
331259,1010,paired cooked w,special,,126.0,126.0,126.0,1,0
331259,1011,paired raw w,special,,166.0,166.0,166.0,1,0
331259,1058,thigh,count/portion,with skin,126.0,126.0,126.0,1,0
331259,1058,thigh,count/portion,without skin,111.0,111.0,111.0,1,0
331260,1010,paired cooked w,special,,136.0,136.0,136.0,1,0
331260,1011,paired raw w,special,,209.0,209.0,209.0,1,0
331260,1058,thigh,count/portion,with skin,136.0,136.0,136.0,1,0
331260,1058,thigh,count/portion,without skin,104.0,104.0,104.0,1,0
331261,1010,paired cooked w,special,,122.0,122.0,122.0,1,0
331261,1011,paired raw w,special,,190.0,190.0,190.0,1,0
331261,1058,thigh,count/portion,with skin,122.0,122.0,122.0,1,0
331261,1058,thigh,count/portion,without skin,108.0,108.0,108.0,1,0
331262,1010,paired cooked w,special,,136.0,136.0,136.0,1,0
331262,1011,paired raw w,special,,186.0,186.0,186.0,1,0
331262,1058,thigh,count/portion,with skin,136.0,136.0,136.0,1,0
331262,1058,thigh,count/portion,without skin,120.0,120.0,120.0,1,0
331263,1010,paired cooked w,special,,105.0,105.0,105.0,1,0
331263,1011,paired raw w,special,,150.0,150.0,150.0,1,0
331263,1058,thigh,count/portion,with skin,105.0,105.0,105.0,1,0
331263,1058,thigh,count/portion,without skin,87.9,87.9,87.9,1,0
331264,1010,paired cooked w,special,,106.0,106.0,106.0,1,0
331264,1011,paired raw w,special,,156.0,156.0,156.0,1,0
331264,1058,thigh,count/portion,with skin,106.0,106.0,106.0,1,0
331264,1058,thigh,count/portion,without skin,93.5,93.5,93.5,1,0
331265,1010,paired cooked w,special,,180.0,180.0,180.0,1,0
331265,1011,paired raw w,special,,237.0,237.0,237.0,1,0
331265,1058,thigh,count/portion,with skin,180.0,180.0,180.0,1,0
331265,1058,thigh,count/portion,without skin,160.0,160.0,160.0,1,0
331266,1010,paired cooked w,special,,150.0,150.0,150.0,1,0
331266,1011,paired raw w,special,,207.0,207.0,207.0,1,0
331266,1058,thigh,count/portion,with skin,150.0,150.0,150.0,1,0
331266,1058,thigh,count/portion,without skin,130.0,130.0,130.0,1,0
331267,1010,paired cooked w,special,,79.4,79.4,79.4,1,0
331267,1011,paired raw w,special,,105.0,105.0,105.0,1,0
331267,1058,thigh,count/portion,with skin,79.4,79.4,79.4,1,0
331267,1058,thigh,count/portion,without skin,83.6,83.6,83.6,1,0
331268,1010,paired cooked w,special,,119.0,119.0,119.0,1,0
331268,1011,paired raw w,special,,162.0,162.0,162.0,1,0
331268,1058,thigh,count/portion,with skin,119.0,119.0,119.0,1,0
331268,1058,thigh,count/portion,without skin,94.3,94.3,94.3,1,0
331269,1010,paired cooked w,special,,102.0,102.0,102.0,1,0
331269,1011,paired raw w,special,,160.0,160.0,160.0,1,0
331269,1058,thigh,count/portion,with skin,102.0,102.0,102.0,1,0
331269,1058,thigh,count/portion,without skin,88.9,88.9,88.9,1,0
331270,1010,paired cooked w,special,,98.7,98.7,98.7,1,0
331270,1011,paired raw w,special,,147.0,147.0,147.0,1,0
331270,1058,thigh,count/portion,with skin,98.7,98.7,98.7,1,0
331270,1058,thigh,count/portion,without skin,84.9,84.9,84.9,1,0
331271,1010,paired cooked w,special,,136.0,136.0,136.0,1,0
331271,1011,paired raw w,special,,210.0,210.0,210.0,1,0
331271,1058,thigh,count/portion,with skin,136.0,136.0,136.0,1,0
331271,1058,thigh,count/portion,without skin,114.0,114.0,114.0,1,0
331272,1010,paired cooked w,special,,147.0,147.0,147.0,1,0
331272,1011,paired raw w,special,,207.0,207.0,207.0,1,0
331272,1058,thigh,count/portion,with skin,147.0,147.0,147.0,1,0
331272,1058,thigh,count/portion,without skin,134.0,134.0,134.0,1,0
331273,1010,paired cooked w,special,,133.0,133.0,133.0,1,0
331273,1011,paired raw w,special,,176.0,176.0,176.0,1,0
331273,1058,thigh,count/portion,with skin,133.0,133.0,133.0,1,0
331273,1058,thigh,count/portion,without skin,121.0,121.0,121.0,1,0
331274,1010,paired cooked w,special,,188.0,188.0,188.0,1,0
331274,1011,paired raw w,special,,264.0,264.0,264.0,1,0
331274,1058,thigh,count/portion,with skin,188.0,188.0,188.0,1,0
331274,1058,thigh,count/portion,without skin,158.0,158.0,158.0,1,0
331275,1010,paired cooked w,special,,163.0,163.0,163.0,1,0
331275,1011,paired raw w,special,,221.0,221.0,221.0,1,0
331275,1058,thigh,count/portion,with skin,163.0,163.0,163.0,1,0
331275,1058,thigh,count/portion,without skin,147.0,147.0,147.0,1,0
331276,1010,paired cooked w,special,,116.0,116.0,116.0,1,0
331276,1011,paired raw w,special,,180.0,180.0,180.0,1,0
331276,1058,thigh,count/portion,with skin,116.0,116.0,116.0,1,0
331276,1058,thigh,count/portion,without skin,97.7,97.7,97.7,1,0
331277,1010,paired cooked w,special,,116.0,116.0,116.0,1,0
331277,1011,paired raw w,special,,179.0,179.0,179.0,1,0
331277,1058,thigh,count/portion,with skin,116.0,116.0,116.0,1,0
331277,1058,thigh,count/portion,without skin,101.0,101.0,101.0,1,0
331278,1010,paired cooked w,special,,125.0,125.0,125.0,1,0
331278,1011,paired raw w,special,,163.0,163.0,163.0,1,0
331278,1058,thigh,count/portion,with skin,125.0,125.0,125.0,1,0
331278,1058,thigh,count/portion,without skin,114.0,114.0,114.0,1,0
331279,1010,paired cooked w,special,,150.0,150.0,150.0,1,0
331279,1011,paired raw w,special,,192.0,192.0,192.0,1,0
331279,1058,thigh,count/portion,with skin,150.0,150.0,150.0,1,0
331279,1058,thigh,count/portion,without skin,129.0,129.0,129.0,1,0
331280,1010,paired cooked w,special,,142.0,142.0,142.0,1,0
331280,1011,paired raw w,special,,207.0,207.0,207.0,1,0
331280,1058,thigh,count/portion,with skin,142.0,142.0,142.0,1,0
331280,1058,thigh,count/portion,without skin,125.0,125.0,125.0,1,0
331281,1010,paired cooked w,special,,131.0,131.0,131.0,1,0
331281,1011,paired raw w,special,,170.0,170.0,170.0,1,0
331281,1058,thigh,count/portion,with skin,131.0,131.0,131.0,1,0
331281,1058,thigh,count/portion,without skin,109.0,109.0,109.0,1,0
331282,1010,paired cooked w,special,,122.0,122.0,122.0,1,0
331282,1011,paired raw w,special,,171.0,171.0,171.0,1,0
331282,1058,thigh,count/portion,with skin,122.0,122.0,122.0,1,0
331282,1058,thigh,count/portion,without skin,109.0,109.0,109.0,1,0
331283,1010,paired cooked w,special,,140.0,140.0,140.0,1,0
331283,1011,paired raw w,special,,198.0,198.0,198.0,1,0
331283,1058,thigh,count/portion,with skin,140.0,140.0,140.0,1,0
331283,1058,thigh,count/portion,without skin,122.0,122.0,122.0,1,0
331284,1010,paired cooked w,special,,119.0,119.0,119.0,1,0
331284,1011,paired raw w,special,,158.0,158.0,158.0,1,0
331284,1058,thigh,count/portion,with skin,119.0,119.0,119.0,1,0
331284,1058,thigh,count/portion,without skin,102.0,102.0,102.0,1,0
331285,1010,paired cooked w,special,,156.0,156.0,156.0,1,0
331285,1011,paired raw w,special,,244.0,244.0,244.0,1,0
331285,1058,thigh,count/portion,with skin,156.0,156.0,156.0,1,0
331285,1058,thigh,count/portion,without skin,140.0,140.0,140.0,1,0
331286,1010,paired cooked w,special,,190.0,190.0,190.0,1,0
331286,1011,paired raw w,special,,250.0,250.0,250.0,1,0
331286,1058,thigh,count/portion,with skin,190.0,190.0,190.0,1,0
331286,1058,thigh,count/portion,without skin,157.0,157.0,157.0,1,0
331287,1010,paired cooked w,special,,156.0,156.0,156.0,1,0
331287,1011,paired raw w,special,,218.0,218.0,218.0,1,0
331287,1058,thigh,count/portion,with skin,156.0,156.0,156.0,1,0
331287,1058,thigh,count/portion,without skin,140.0,140.0,140.0,1,0
331288,1010,paired cooked w,special,,113.0,113.0,113.0,1,0
331288,1011,paired raw w,special,,180.0,180.0,180.0,1,0
331288,1058,thigh,count/portion,with skin,113.0,113.0,113.0,1,0
331288,1058,thigh,count/portion,without skin,100.0,100.0,100.0,1,0
331289,1010,paired cooked w,special,,180.0,180.0,180.0,1,0
331289,1011,paired raw w,special,,259.0,259.0,259.0,1,0
331289,1058,thigh,count/portion,with skin,180.0,180.0,180.0,1,0
331289,1058,thigh,count/portion,without skin,148.0,148.0,148.0,1,0
331290,1010,paired cooked w,special,,117.0,117.0,117.0,1,0
331290,1011,paired raw w,special,,186.0,186.0,186.0,1,0
331290,1058,thigh,count/portion,with skin,117.0,117.0,117.0,1,0
331290,1058,thigh,count/portion,without skin,103.0,103.0,103.0,1,0
331291,1010,paired cooked w,special,,138.0,138.0,138.0,1,0
331291,1011,paired raw w,special,,203.0,203.0,203.0,1,0
331291,1058,thigh,count/portion,with skin,138.0,138.0,138.0,1,0
331291,1058,thigh,count/portion,without skin,117.0,117.0,117.0,1,0
331292,1010,paired cooked w,special,,178.0,178.0,178.0,1,0
331292,1011,paired raw w,special,,233.0,233.0,233.0,1,0
331292,1058,thigh,count/portion,with skin,178.0,178.0,178.0,1,0
331292,1058,thigh,count/portion,without skin,147.0,147.0,147.0,1,0
331293,1010,paired cooked w,special,,124.0,124.0,124.0,1,0
331293,1011,paired raw w,special,,160.0,160.0,160.0,1,0
331293,1058,thigh,count/portion,with skin,124.0,124.0,124.0,1,0
331293,1058,thigh,count/portion,without skin,109.0,109.0,109.0,1,0
331313,1010,paired cooked w,special,,120.0,120.0,120.0,1,0
331313,1011,paired raw w,special,,177.0,177.0,177.0,1,0
331313,1058,thigh,count/portion,with skin,120.0,120.0,120.0,1,0
331313,1058,thigh,count/portion,without skin,105.0,105.0,105.0,1,0
331314,1010,paired cooked w,special,,135.0,135.0,135.0,1,0
331314,1011,paired raw w,special,,204.0,204.0,204.0,1,0
331314,1058,thigh,count/portion,with skin,135.0,135.0,135.0,1,0
331314,1058,thigh,count/portion,without skin,114.0,114.0,114.0,1,0
331315,1010,paired cooked w,special,,151.0,151.0,151.0,1,0
331315,1011,paired raw w,special,,202.0,202.0,202.0,1,0
331315,1058,thigh,count/portion,with skin,151.0,151.0,151.0,1,0
331315,1058,thigh,count/portion,without skin,127.0,127.0,127.0,1,0
331316,1010,paired cooked w,special,,104.0,104.0,104.0,1,0
331316,1011,paired raw w,special,,152.0,152.0,152.0,1,0
331316,1058,thigh,count/portion,with skin,104.0,104.0,104.0,1,0
331316,1058,thigh,count/portion,without skin,86.0,86.0,86.0,1,0
331317,1010,paired cooked w,special,,137.0,137.0,137.0,1,0
331317,1011,paired raw w,special,,198.0,198.0,198.0,1,0
331317,1058,thigh,count/portion,with skin,137.0,137.0,137.0,1,0
331317,1058,thigh,count/portion,without skin,115.0,115.0,115.0,1,0
331318,1010,paired cooked w,special,,148.0,148.0,148.0,1,0
331318,1011,paired raw w,special,,225.0,225.0,225.0,1,0
331318,1058,thigh,count/portion,with skin,148.0,148.0,148.0,1,0
331318,1058,thigh,count/portion,without skin,126.0,126.0,126.0,1,0
331319,1010,paired cooked w,special,,149.0,149.0,149.0,1,0
331319,1011,paired raw w,special,,217.0,217.0,217.0,1,0
331319,1058,thigh,count/portion,with skin,149.0,149.0,149.0,1,0
331319,1058,thigh,count/portion,without skin,134.0,134.0,134.0,1,0
331320,1010,paired cooked w,special,,150.0,150.0,150.0,1,0
331320,1011,paired raw w,special,,216.0,216.0,216.0,1,0
331320,1058,thigh,count/portion,with skin,150.0,150.0,150.0,1,0
331320,1058,thigh,count/portion,without skin,133.0,133.0,133.0,1,0
331321,1010,paired cooked w,special,,151.0,151.0,151.0,1,0
331321,1011,paired raw w,special,,247.0,247.0,247.0,1,0
331321,1058,thigh,count/portion,with skin,151.0,151.0,151.0,1,0
331321,1058,thigh,count/portion,without skin,126.0,126.0,126.0,1,0
331322,1010,paired cooked w,special,,109.0,109.0,109.0,1,0
331322,1011,paired raw w,special,,157.0,157.0,157.0,1,0
331322,1058,thigh,count/portion,with skin,109.0,109.0,109.0,1,0
331322,1058,thigh,count/portion,without skin,90.9,90.9,90.9,1,0
331323,1010,paired cooked w,special,,154.0,154.0,154.0,1,0
331323,1011,paired raw w,special,,223.0,223.0,223.0,1,0
331323,1058,thigh,count/portion,with skin,154.0,154.0,154.0,1,0
331323,1058,thigh,count/portion,without skin,134.0,134.0,134.0,1,0
331324,1010,paired cooked w,special,,132.0,132.0,132.0,1,0
331324,1011,paired raw w,special,,187.0,187.0,187.0,1,0
331324,1058,thigh,count/portion,with skin,132.0,132.0,132.0,1,0
331324,1058,thigh,count/portion,without skin,109.0,109.0,109.0,1,0
331325,1010,paired cooked w,special,,103.0,103.0,103.0,1,0
331325,1011,paired raw w,special,,154.0,154.0,154.0,1,0
331325,1058,thigh,count/portion,with skin,103.0,103.0,103.0,1,0
331325,1058,thigh,count/portion,without skin,93.9,93.9,93.9,1,0
331326,1010,paired cooked w,special,,97.0,97.0,97.0,1,0
331326,1011,paired raw w,special,,152.0,152.0,152.0,1,0
331326,1058,thigh,count/portion,with skin,97.0,97.0,97.0,1,0
331326,1058,thigh,count/portion,without skin,86.6,86.6,86.6,1,0
331327,1010,paired cooked w,special,,135.0,135.0,135.0,1,0
331327,1011,paired raw w,special,,193.0,193.0,193.0,1,0
331327,1058,thigh,count/portion,with skin,135.0,135.0,135.0,1,0
331327,1058,thigh,count/portion,without skin,115.0,115.0,115.0,1,0
331328,1010,paired cooked w,special,,117.0,117.0,117.0,1,0
331328,1011,paired raw w,special,,163.0,163.0,163.0,1,0
331328,1058,thigh,count/portion,with skin,117.0,117.0,117.0,1,0
331328,1058,thigh,count/portion,without skin,94.1,94.1,94.1,1,0
331329,1010,paired cooked w,special,,138.0,138.0,138.0,1,0
331329,1011,paired raw w,special,,190.0,190.0,190.0,1,0
331329,1058,thigh,count/portion,with skin,138.0,138.0,138.0,1,0
331329,1058,thigh,count/portion,without skin,118.0,118.0,118.0,1,0
331330,1010,paired cooked w,special,,158.0,158.0,158.0,1,0
331330,1011,paired raw w,special,,208.0,208.0,208.0,1,0
331330,1058,thigh,count/portion,with skin,158.0,158.0,158.0,1,0
331330,1058,thigh,count/portion,without skin,80.3,80.3,80.3,1,0
331331,1010,paired cooked w,special,,111.0,111.0,111.0,1,0
331331,1011,paired raw w,special,,167.0,167.0,167.0,1,0
331331,1058,thigh,count/portion,with skin,111.0,111.0,111.0,1,0
331331,1058,thigh,count/portion,without skin,91.2,91.2,91.2,1,0
331332,1010,paired cooked w,special,,94.6,94.6,94.6,1,0
331332,1011,paired raw w,special,,150.0,150.0,150.0,1,0
331332,1058,thigh,count/portion,with skin,94.6,94.6,94.6,1,0
331332,1058,thigh,count/portion,without skin,141.0,141.0,141.0,1,0
331333,1010,paired cooked w,special,,141.0,141.0,141.0,1,0
331333,1011,paired raw w,special,,202.0,202.0,202.0,1,0
331333,1058,thigh,count/portion,with skin,141.0,141.0,141.0,1,0
331333,1058,thigh,count/portion,without skin,122.0,122.0,122.0,1,0
331334,1010,paired cooked w,special,,156.0,156.0,156.0,1,0
331334,1011,paired raw w,special,,222.0,222.0,222.0,1,0
331334,1058,thigh,count/portion,with skin,156.0,156.0,156.0,1,0
331334,1058,thigh,count/portion,without skin,122.0,122.0,122.0,1,0
331335,1010,paired cooked w,special,,104.0,104.0,104.0,1,0
331335,1011,paired raw w,special,,161.0,161.0,161.0,1,0
331335,1058,thigh,count/portion,with skin,104.0,104.0,104.0,1,0
331335,1058,thigh,count/portion,without skin,88.1,88.1,88.1,1,0
331336,1010,paired cooked w,special,,85.7,85.7,85.7,1,0
331336,1011,paired raw w,special,,133.0,133.0,133.0,1,0
331336,1058,thigh,count/portion,with skin,85.7,85.7,85.7,1,0
331336,1058,thigh,count/portion,without skin,70.2,70.2,70.2,1,0
331337,1010,paired cooked w,special,,164.0,164.0,164.0,1,0
331337,1011,paired raw w,special,,217.0,217.0,217.0,1,0
331337,1058,thigh,count/portion,with skin,164.0,164.0,164.0,1,0
331337,1058,thigh,count/portion,without skin,146.0,146.0,146.0,1,0
331338,1010,paired cooked w,special,,110.0,110.0,110.0,1,0
331338,1011,paired raw w,special,,160.0,160.0,160.0,1,0
331338,1058,thigh,count/portion,with skin,110.0,110.0,110.0,1,0
331338,1058,thigh,count/portion,without skin,90.2,90.2,90.2,1,0
331339,1010,paired cooked w,special,,140.0,140.0,140.0,1,0
331339,1011,paired raw w,special,,194.0,194.0,194.0,1,0
331339,1058,thigh,count/portion,with skin,140.0,140.0,140.0,1,0
331339,1058,thigh,count/portion,without skin,123.0,123.0,123.0,1,0
331340,1010,paired cooked w,special,,160.0,160.0,160.0,1,0
331340,1011,paired raw w,special,,225.0,225.0,225.0,1,0
331340,1058,thigh,count/portion,with skin,160.0,160.0,160.0,1,0
331340,1058,thigh,count/portion,without skin,136.0,136.0,136.0,1,0
331341,1010,paired cooked w,special,,118.0,118.0,118.0,1,0
331341,1011,paired raw w,special,,171.0,171.0,171.0,1,0
331341,1058,thigh,count/portion,with skin,118.0,118.0,118.0,1,0
331341,1058,thigh,count/portion,without skin,95.1,95.1,95.1,1,0
331342,1010,paired cooked w,special,,163.0,163.0,163.0,1,0
331342,1011,paired raw w,special,,245.0,245.0,245.0,1,0
331342,1058,thigh,count/portion,with skin,163.0,163.0,163.0,1,0
331342,1058,thigh,count/portion,without skin,150.0,150.0,150.0,1,0
331343,1010,paired cooked w,special,,89.2,89.2,89.2,1,0
331343,1011,paired raw w,special,,138.0,138.0,138.0,1,0
331343,1058,thigh,count/portion,with skin,89.2,89.2,89.2,1,0
331343,1058,thigh,count/portion,without skin,81.3,81.3,81.3,1,0
331344,1010,paired cooked w,special,,144.0,144.0,144.0,1,0
331344,1011,paired raw w,special,,217.0,217.0,217.0,1,0
331344,1058,thigh,count/portion,with skin,144.0,144.0,144.0,1,0
331344,1058,thigh,count/portion,without skin,123.0,123.0,123.0,1,0
331345,1010,paired cooked w,special,,140.0,140.0,140.0,1,0
331345,1011,paired raw w,special,,205.0,205.0,205.0,1,0
331345,1058,thigh,count/portion,with skin,140.0,140.0,140.0,1,0
331345,1058,thigh,count/portion,without skin,120.0,120.0,120.0,1,0
331346,1010,paired cooked w,special,,135.0,135.0,135.0,1,0
331346,1011,paired raw w,special,,205.0,205.0,205.0,1,0
331346,1058,thigh,count/portion,with skin,135.0,135.0,135.0,1,0
331346,1058,thigh,count/portion,without skin,116.0,116.0,116.0,1,0
331347,1010,paired cooked w,special,,124.0,124.0,124.0,1,0
331347,1011,paired raw w,special,,178.0,178.0,178.0,1,0
331347,1058,thigh,count/portion,with skin,124.0,124.0,124.0,1,0
331347,1058,thigh,count/portion,without skin,110.0,110.0,110.0,1,0
331348,1010,paired cooked w,special,,94.4,94.4,94.4,1,0
331348,1011,paired raw w,special,,151.0,151.0,151.0,1,0
331348,1058,thigh,count/portion,with skin,94.4,94.4,94.4,1,0
331348,1058,thigh,count/portion,without skin,81.9,81.9,81.9,1,0
331349,1010,paired cooked w,special,,104.0,104.0,104.0,1,0
331349,1011,paired raw w,special,,161.0,161.0,161.0,1,0
331349,1058,thigh,count/portion,with skin,104.0,104.0,104.0,1,0
331349,1058,thigh,count/portion,without skin,87.4,87.4,87.4,1,0
331350,1010,paired cooked w,special,,165.0,165.0,165.0,1,0
331350,1011,paired raw w,special,,241.0,241.0,241.0,1,0
331350,1058,thigh,count/portion,with skin,165.0,165.0,165.0,1,0
331350,1058,thigh,count/portion,without skin,135.0,135.0,135.0,1,0
331351,1010,paired cooked w,special,,188.0,188.0,188.0,1,0
331351,1011,paired raw w,special,,261.0,261.0,261.0,1,0
331351,1058,thigh,count/portion,with skin,188.0,188.0,188.0,1,0
331351,1058,thigh,count/portion,without skin,161.0,161.0,161.0,1,0
331352,1010,paired cooked w,special,,109.0,109.0,109.0,1,0
331352,1011,paired raw w,special,,169.0,169.0,169.0,1,0
331352,1058,thigh,count/portion,with skin,109.0,109.0,109.0,1,0
331352,1058,thigh,count/portion,without skin,95.6,95.6,95.6,1,0
331353,1010,paired cooked w,special,,92.3,92.3,92.3,1,0
331353,1011,paired raw w,special,,136.0,136.0,136.0,1,0
331353,1058,thigh,count/portion,with skin,92.3,92.3,92.3,1,0
331353,1058,thigh,count/portion,without skin,84.3,84.3,84.3,1,0
331354,1010,paired cooked w,special,,109.0,109.0,109.0,1,0
331354,1011,paired raw w,special,,160.0,160.0,160.0,1,0
331354,1058,thigh,count/portion,with skin,109.0,109.0,109.0,1,0
331354,1058,thigh,count/portion,without skin,92.6,92.6,92.6,1,0
331355,1010,paired cooked w,special,,146.0,146.0,146.0,1,0
331355,1011,paired raw w,special,,212.0,212.0,212.0,1,0
331355,1058,thigh,count/portion,with skin,146.0,146.0,146.0,1,0
331355,1058,thigh,count/portion,without skin,123.0,123.0,123.0,1,0
331356,1010,paired cooked w,special,,98.8,98.8,98.8,1,0
331356,1011,paired raw w,special,,157.0,157.0,157.0,1,0
331356,1058,thigh,count/portion,with skin,98.8,98.8,98.8,1,0
331356,1058,thigh,count/portion,without skin,83.7,83.7,83.7,1,0
331357,1010,paired cooked w,special,,148.0,148.0,148.0,1,0
331357,1011,paired raw w,special,,217.0,217.0,217.0,1,0
331357,1058,thigh,count/portion,with skin,148.0,148.0,148.0,1,0
331357,1058,thigh,count/portion,without skin,133.0,133.0,133.0,1,0
331728,1010,paired cooked w,special,,112.0,112.0,112.0,1,0
331728,1011,paired raw w,special,,156.0,156.0,156.0,1,0
331728,1026,drumstick,count/portion,with skin,112.0,112.0,112.0,1,0
331728,1026,drumstick,count/portion,without skin,99.9,99.9,99.9,1,0
331729,1010,paired cooked w,special,,123.0,123.0,123.0,1,0
331729,1011,paired raw w,special,,161.0,161.0,161.0,1,0
331729,1026,drumstick,count/portion,with skin,123.0,123.0,123.0,1,0
331729,1026,drumstick,count/portion,without skin,111.0,111.0,111.0,1,0
331730,1010,paired cooked w,special,,102.0,102.0,102.0,1,0
331730,1011,paired raw w,special,,142.0,142.0,142.0,1,0
331730,1026,drumstick,count/portion,with skin,102.0,102.0,102.0,1,0
331730,1026,drumstick,count/portion,without skin,90.1,90.1,90.1,1,0
331731,1010,paired cooked w,special,,85.2,85.2,85.2,1,0
331731,1011,paired raw w,special,,112.0,112.0,112.0,1,0
331731,1026,drumstick,count/portion,with skin,85.2,85.2,85.2,1,0
331731,1026,drumstick,count/portion,without skin,76.6,76.6,76.6,1,0
331732,1010,paired cooked w,special,,81.2,81.2,81.2,1,0
331732,1011,paired raw w,special,,114.0,114.0,114.0,1,0
331732,1026,drumstick,count/portion,with skin,81.2,81.2,81.2,1,0
331732,1026,drumstick,count/portion,without skin,73.2,73.2,73.2,1,0
331733,1010,paired cooked w,special,,132.0,132.0,132.0,1,0
331733,1011,paired raw w,special,,176.0,176.0,176.0,1,0
331733,1026,drumstick,count/portion,with skin,132.0,132.0,132.0,1,0
331733,1026,drumstick,count/portion,without skin,120.0,120.0,120.0,1,0
331736,1010,paired cooked w,special,,109.0,109.0,109.0,1,0
331736,1011,paired raw w,special,,146.0,146.0,146.0,1,0
331736,1026,drumstick,count/portion,with skin,109.0,109.0,109.0,1,0
331736,1026,drumstick,count/portion,without skin,99.3,99.3,99.3,1,0
331737,1010,paired cooked w,special,,92.9,92.9,92.9,1,0
331737,1011,paired raw w,special,,125.0,125.0,125.0,1,0
331737,1026,drumstick,count/portion,with skin,92.9,92.9,92.9,1,0
331737,1026,drumstick,count/portion,without skin,83.9,83.9,83.9,1,0
331738,1010,paired cooked w,special,,78.2,78.2,78.2,1,0
331738,1011,paired raw w,special,,114.0,114.0,114.0,1,0
331738,1026,drumstick,count/portion,with skin,78.2,78.2,78.2,1,0
331738,1026,drumstick,count/portion,without skin,70.3,70.3,70.3,1,0
331739,1010,paired cooked w,special,,145.0,145.0,145.0,1,0
331739,1011,paired raw w,special,,190.0,190.0,190.0,1,0
331739,1026,drumstick,count/portion,with skin,145.0,145.0,145.0,1,0
331739,1026,drumstick,count/portion,without skin,131.0,131.0,131.0,1,0
331788,1011,paired raw w,special,,221.0,221.0,221.0,1,0
331788,1058,thigh,count/portion,with skin,221.0,221.0,221.0,1,0
331788,1058,thigh,count/portion,without skin,169.0,169.0,169.0,1,0
331789,1011,paired raw w,special,,148.0,148.0,148.0,1,0
331789,1058,thigh,count/portion,with skin,148.0,148.0,148.0,1,0
331789,1058,thigh,count/portion,without skin,123.0,123.0,123.0,1,0
331790,1011,paired raw w,special,,219.0,219.0,219.0,1,0
331790,1058,thigh,count/portion,with skin,219.0,219.0,219.0,1,0
331790,1058,thigh,count/portion,without skin,164.0,164.0,164.0,1,0
331791,1011,paired raw w,special,,150.0,150.0,150.0,1,0
331791,1058,thigh,count/portion,with skin,150.0,150.0,150.0,1,0
331791,1058,thigh,count/portion,without skin,122.0,122.0,122.0,1,0
331792,1011,paired raw w,special,,221.0,221.0,221.0,1,0
331792,1058,thigh,count/portion,with skin,221.0,221.0,221.0,1,0
331792,1058,thigh,count/portion,without skin,175.0,175.0,175.0,1,0
331793,1011,paired raw w,special,,169.0,169.0,169.0,1,0
331793,1058,thigh,count/portion,with skin,169.0,169.0,169.0,1,0
331793,1058,thigh,count/portion,without skin,141.0,141.0,141.0,1,0
331794,1011,paired raw w,special,,134.0,134.0,134.0,1,0
331794,1058,thigh,count/portion,with skin,134.0,134.0,134.0,1,0
331794,1058,thigh,count/portion,without skin,106.0,106.0,106.0,1,0
331795,1011,paired raw w,special,,226.0,226.0,226.0,1,0
331795,1058,thigh,count/portion,with skin,226.0,226.0,226.0,1,0
331795,1058,thigh,count/portion,without skin,172.0,172.0,172.0,1,0
331796,1011,paired raw w,special,,141.0,141.0,141.0,1,0
331796,1058,thigh,count/portion,with skin,141.0,141.0,141.0,1,0
331796,1058,thigh,count/portion,without skin,112.0,112.0,112.0,1,0
331797,1011,paired raw w,special,,184.0,184.0,184.0,1,0
331797,1058,thigh,count/portion,with skin,184.0,184.0,184.0,1,0
331797,1058,thigh,count/portion,without skin,156.0,156.0,156.0,1,0
331810,1010,paired cooked w,special,,119.0,119.0,119.0,1,0
331810,1011,paired raw w,special,,195.0,195.0,195.0,1,0
331810,1058,thigh,count/portion,with skin,119.0,119.0,119.0,1,0
331810,1058,thigh,count/portion,without skin,97.3,97.3,97.3,1,0
331811,1010,paired cooked w,special,,146.0,146.0,146.0,1,0
331811,1011,paired raw w,special,,193.0,193.0,193.0,1,0
331811,1058,thigh,count/portion,with skin,146.0,146.0,146.0,1,0
331811,1058,thigh,count/portion,without skin,122.0,122.0,122.0,1,0
331812,1010,paired cooked w,special,,168.0,168.0,168.0,1,0
331812,1011,paired raw w,special,,247.0,247.0,247.0,1,0
331812,1058,thigh,count/portion,with skin,168.0,168.0,168.0,1,0
331812,1058,thigh,count/portion,without skin,146.0,146.0,146.0,1,0
331813,1010,paired cooked w,special,,89.8,89.8,89.8,1,0
331813,1011,paired raw w,special,,142.0,142.0,142.0,1,0
331813,1058,thigh,count/portion,with skin,89.8,89.8,89.8,1,0
331813,1058,thigh,count/portion,without skin,76.1,76.1,76.1,1,0
331814,1010,paired cooked w,special,,196.0,196.0,196.0,1,0
331814,1011,paired raw w,special,,274.0,274.0,274.0,1,0
331814,1058,thigh,count/portion,with skin,196.0,196.0,196.0,1,0
331814,1058,thigh,count/portion,without skin,170.0,170.0,170.0,1,0
331815,1010,paired cooked w,special,,108.0,108.0,108.0,1,0
331815,1011,paired raw w,special,,168.0,168.0,168.0,1,0
331815,1058,thigh,count/portion,with skin,108.0,108.0,108.0,1,0
331815,1058,thigh,count/portion,without skin,94.5,94.5,94.5,1,0
331816,1010,paired cooked w,special,,96.9,96.9,96.9,1,0
331816,1011,paired raw w,special,,148.0,148.0,148.0,1,0
331816,1058,thigh,count/portion,with skin,96.9,96.9,96.9,1,0
331816,1058,thigh,count/portion,without skin,84.5,84.5,84.5,1,0
331817,1010,paired cooked w,special,,161.0,161.0,161.0,1,0
331817,1011,paired raw w,special,,233.0,233.0,233.0,1,0
331817,1058,thigh,count/portion,with skin,161.0,161.0,161.0,1,0
331817,1058,thigh,count/portion,without skin,139.0,139.0,139.0,1,0
331818,1010,paired cooked w,special,,94.6,94.6,94.6,1,0
331818,1011,paired raw w,special,,147.0,147.0,147.0,1,0
331818,1058,thigh,count/portion,with skin,94.6,94.6,94.6,1,0
331818,1058,thigh,count/portion,without skin,93.4,93.4,93.4,1,0
331819,1010,paired cooked w,special,,113.0,113.0,113.0,1,0
331819,1011,paired raw w,special,,151.0,151.0,151.0,1,0
331819,1058,thigh,count/portion,with skin,113.0,113.0,113.0,1,0
331819,1058,thigh,count/portion,without skin,93.8,93.8,93.8,1,0
331832,1010,paired cooked w,special,,125.0,125.0,125.0,1,0
331832,1011,paired raw w,special,,181.0,181.0,181.0,1,0
331832,1058,thigh,count/portion,with skin,125.0,125.0,125.0,1,0
331832,1058,thigh,count/portion,without skin,107.0,107.0,107.0,1,0
331833,1010,paired cooked w,special,,202.0,202.0,202.0,1,0
331833,1011,paired raw w,special,,255.0,255.0,255.0,1,0
331833,1058,thigh,count/portion,with skin,202.0,202.0,202.0,1,0
331833,1058,thigh,count/portion,without skin,166.0,166.0,166.0,1,0
331834,1010,paired cooked w,special,,140.0,140.0,140.0,1,0
331834,1011,paired raw w,special,,197.0,197.0,197.0,1,0
331834,1058,thigh,count/portion,with skin,140.0,140.0,140.0,1,0
331834,1058,thigh,count/portion,without skin,117.0,117.0,117.0,1,0
331835,1010,paired cooked w,special,,113.0,113.0,113.0,1,0
331835,1011,paired raw w,special,,165.0,165.0,165.0,1,0
331835,1058,thigh,count/portion,with skin,113.0,113.0,113.0,1,0
331835,1058,thigh,count/portion,without skin,94.3,94.3,94.3,1,0
331836,1010,paired cooked w,special,,148.0,148.0,148.0,1,0
331836,1011,paired raw w,special,,216.0,216.0,216.0,1,0
331836,1058,thigh,count/portion,with skin,148.0,148.0,148.0,1,0
331836,1058,thigh,count/portion,without skin,122.0,122.0,122.0,1,0
331837,1010,paired cooked w,special,,170.0,170.0,170.0,1,0
331837,1011,paired raw w,special,,233.0,233.0,233.0,1,0
331837,1058,thigh,count/portion,with skin,170.0,170.0,170.0,1,0
331837,1058,thigh,count/portion,without skin,145.0,145.0,145.0,1,0
331838,1010,paired cooked w,special,,199.0,199.0,199.0,1,0
331838,1011,paired raw w,special,,255.0,255.0,255.0,1,0
331838,1058,thigh,count/portion,with skin,199.0,199.0,199.0,1,0
331838,1058,thigh,count/portion,without skin,163.0,163.0,163.0,1,0
331839,1010,paired cooked w,special,,117.0,117.0,117.0,1,0
331839,1011,paired raw w,special,,180.0,180.0,180.0,1,0
331839,1058,thigh,count/portion,with skin,117.0,117.0,117.0,1,0
331839,1058,thigh,count/portion,without skin,108.0,108.0,108.0,1,0
331840,1010,paired cooked w,special,,220.0,220.0,220.0,1,0
331840,1011,paired raw w,special,,286.0,286.0,286.0,1,0
331840,1058,thigh,count/portion,with skin,220.0,220.0,220.0,1,0
331840,1058,thigh,count/portion,without skin,186.0,186.0,186.0,1,0
331841,1010,paired cooked w,special,,99.0,99.0,99.0,1,0
331841,1011,paired raw w,special,,147.0,147.0,147.0,1,0
331841,1058,thigh,count/portion,with skin,99.0,99.0,99.0,1,0
331841,1058,thigh,count/portion,without skin,79.8,79.8,79.8,1,0
331854,1011,paired raw w,special,,143.0,143.0,143.0,1,0
331854,1026,drumstick,count/portion,with skin,143.0,143.0,143.0,1,0
331854,1026,drumstick,count/portion,without skin,130.0,130.0,130.0,1,0
331855,1011,paired raw w,special,,153.0,153.0,153.0,1,0
331855,1026,drumstick,count/portion,with skin,153.0,153.0,153.0,1,0
331855,1026,drumstick,count/portion,without skin,134.0,134.0,134.0,1,0
331856,1011,paired raw w,special,,188.0,188.0,188.0,1,0
331856,1026,drumstick,count/portion,with skin,188.0,188.0,188.0,1,0
331856,1026,drumstick,count/portion,without skin,172.0,172.0,172.0,1,0
331857,1011,paired raw w,special,,154.0,154.0,154.0,1,0
331857,1026,drumstick,count/portion,with skin,154.0,154.0,154.0,1,0
331857,1026,drumstick,count/portion,without skin,140.0,140.0,140.0,1,0
331858,1011,paired raw w,special,,115.0,115.0,115.0,1,0
331858,1026,drumstick,count/portion,with skin,115.0,115.0,115.0,1,0
331858,1026,drumstick,count/portion,without skin,105.0,105.0,105.0,1,0
331859,1011,paired raw w,special,,150.0,150.0,150.0,1,0
331859,1026,drumstick,count/portion,with skin,150.0,150.0,150.0,1,0
331859,1026,drumstick,count/portion,without skin,137.0,137.0,137.0,1,0
331860,1011,paired raw w,special,,160.0,160.0,160.0,1,0
331860,1026,drumstick,count/portion,with skin,160.0,160.0,160.0,1,0
331860,1026,drumstick,count/portion,without skin,142.0,142.0,142.0,1,0
331861,1011,paired raw w,special,,115.0,115.0,115.0,1,0
331861,1026,drumstick,count/portion,with skin,115.0,115.0,115.0,1,0
331861,1026,drumstick,count/portion,without skin,105.0,105.0,105.0,1,0
331862,1011,paired raw w,special,,86.1,86.1,86.1,1,0
331862,1026,drumstick,count/portion,with skin,86.1,86.1,86.1,1,0
331862,1026,drumstick,count/portion,without skin,85.4,85.4,85.4,1,0
331863,1011,paired raw w,special,,163.0,163.0,163.0,1,0
331863,1026,drumstick,count/portion,with skin,163.0,163.0,163.0,1,0
331863,1026,drumstick,count/portion,without skin,144.0,144.0,144.0,1,0
331876,1010,paired cooked w,special,,137.0,137.0,137.0,1,0
331876,1011,paired raw w,special,,157.0,157.0,157.0,1,0
331876,1026,drumstick,count/portion,with skin,137.0,137.0,137.0,1,0
331876,1026,drumstick,count/portion,without skin,127.0,127.0,127.0,1,0
331877,1010,paired cooked w,special,,114.0,114.0,114.0,1,0
331877,1011,paired raw w,special,,140.0,140.0,140.0,1,0
331877,1026,drumstick,count/portion,with skin,114.0,114.0,114.0,1,0
331877,1026,drumstick,count/portion,without skin,106.0,106.0,106.0,1,0
331878,1010,paired cooked w,special,,122.0,122.0,122.0,1,0
331878,1011,paired raw w,special,,146.0,146.0,146.0,1,0
331878,1026,drumstick,count/portion,with skin,122.0,122.0,122.0,1,0
331878,1026,drumstick,count/portion,without skin,111.0,111.0,111.0,1,0
331879,1010,paired cooked w,special,,99.2,99.2,99.2,1,0
331879,1011,paired raw w,special,,123.0,123.0,123.0,1,0
331879,1026,drumstick,count/portion,with skin,99.2,99.2,99.2,1,0
331879,1026,drumstick,count/portion,without skin,90.7,90.7,90.7,1,0
331880,1010,paired cooked w,special,,149.0,149.0,149.0,1,0
331880,1011,paired raw w,special,,180.0,180.0,180.0,1,0
331880,1026,drumstick,count/portion,with skin,149.0,149.0,149.0,1,0
331880,1026,drumstick,count/portion,without skin,137.0,137.0,137.0,1,0
331881,1010,paired cooked w,special,,128.0,128.0,128.0,1,0
331881,1011,paired raw w,special,,162.0,162.0,162.0,1,0
331881,1026,drumstick,count/portion,with skin,128.0,128.0,128.0,1,0
331881,1026,drumstick,count/portion,without skin,118.0,118.0,118.0,1,0
331882,1010,paired cooked w,special,,139.0,139.0,139.0,1,0
331882,1011,paired raw w,special,,157.0,157.0,157.0,1,0
331882,1026,drumstick,count/portion,with skin,139.0,139.0,139.0,1,0
331882,1026,drumstick,count/portion,without skin,128.0,128.0,128.0,1,0
331883,1010,paired cooked w,special,,179.0,179.0,179.0,1,0
331883,1011,paired raw w,special,,216.0,216.0,216.0,1,0
331883,1026,drumstick,count/portion,with skin,179.0,179.0,179.0,1,0
331883,1026,drumstick,count/portion,without skin,164.0,164.0,164.0,1,0
331884,1010,paired cooked w,special,,113.0,113.0,113.0,1,0
331884,1011,paired raw w,special,,160.0,160.0,160.0,1,0
331884,1026,drumstick,count/portion,with skin,113.0,113.0,113.0,1,0
331884,1026,drumstick,count/portion,without skin,104.0,104.0,104.0,1,0
331885,1010,paired cooked w,special,,106.0,106.0,106.0,1,0
331885,1011,paired raw w,special,,126.0,126.0,126.0,1,0
331885,1026,drumstick,count/portion,with skin,106.0,106.0,106.0,1,0
331885,1026,drumstick,count/portion,without skin,97.0,97.0,97.0,1,0
331897,1026,drumstick,count/portion,with skin,104.0,104.0,104.0,1,0
331897,1026,drumstick,count/portion,without skin,94.7,94.7,94.7,1,0
331899,1010,paired cooked w,special,,170.0,170.0,170.0,1,0
331899,1011,paired raw w,special,,231.0,231.0,231.0,1,0
331899,1043,piece,count/portion,,163.0,163.0,163.0,1,0
331900,1010,paired cooked w,special,,180.0,180.0,180.0,1,0
331900,1011,paired raw w,special,,269.0,269.0,269.0,1,0
331900,1043,piece,count/portion,,195.0,195.0,195.0,1,0
331906,1010,paired cooked w,special,,137.0,137.0,137.0,1,0
331906,1011,paired raw w,special,,214.0,214.0,214.0,1,0
331906,1043,piece,count/portion,,146.0,146.0,146.0,1,0
331912,1010,paired cooked w,special,,162.0,162.0,162.0,1,0
331912,1011,paired raw w,special,,233.0,233.0,233.0,1,0
331912,1043,piece,count/portion,,173.0,173.0,173.0,1,0
331913,1010,paired cooked w,special,,217.0,217.0,217.0,1,0
331913,1011,paired raw w,special,,313.0,313.0,313.0,1,0
331913,1043,piece,count/portion,,212.0,212.0,212.0,1,0
331918,1010,paired cooked w,special,,126.0,126.0,126.0,1,0
331918,1011,paired raw w,special,,186.0,186.0,186.0,1,0
331918,1043,piece,count/portion,,130.0,130.0,130.0,1,0
331919,1010,paired cooked w,special,,113.0,113.0,113.0,1,0
331919,1011,paired raw w,special,,171.0,171.0,171.0,1,0
331919,1043,piece,count/portion,,129.0,129.0,129.0,1,0
331932,1010,paired cooked w,special,,184.0,184.0,184.0,1,0
331932,1011,paired raw w,special,,244.0,244.0,244.0,1,0
331932,1043,piece,count/portion,,223.0,223.0,223.0,1,0
331933,1010,paired cooked w,special,,229.0,229.0,229.0,1,0
331933,1011,paired raw w,special,,253.0,253.0,253.0,1,0
331933,1043,piece,count/portion,,321.0,321.0,321.0,1,1
331946,1010,paired cooked w,special,,380.0,380.0,380.0,1,1
331946,1011,paired raw w,special,,441.0,441.0,441.0,1,0
331946,1043,piece,count/portion,,175.0,175.0,175.0,1,0
331947,1010,paired cooked w,special,,118.0,118.0,118.0,1,0
331947,1011,paired raw w,special,,180.0,180.0,180.0,1,0
331947,1043,piece,count/portion,,128.0,128.0,128.0,1,0
331960,1043,piece,count/portion,,174.0,174.0,174.0,1,0
331970,1000,cup,volume,,232.0,232.0,232.0,1,0
331970,1049,serving,count/portion,1/2 cup,116.0,116.0,116.0,1,0
331971,1000,cup,volume,,224.0,224.0,224.0,1,0
331971,1049,serving,count/portion,1/2 cup,112.0,112.0,112.0,1,0
331986,1000,cup,volume,,302.0,302.0,302.0,1,0
331986,1049,serving,count/portion,1/2 cup,151.0,151.0,151.0,1,0
331987,1000,cup,volume,,308.0,308.0,308.0,1,0
331987,1049,serving,count/portion,1/2 cup,154.0,154.0,154.0,1,0
331994,1000,cup,volume,,266.0,266.0,266.0,1,0
331994,1049,serving,count/portion,1/2 cup,133.0,133.0,133.0,1,0
332000,1000,cup,volume,,232.0,232.0,232.0,1,0
332000,1049,serving,count/portion,1/2 cup,116.0,116.0,116.0,1,0
332005,1000,cup,volume,,260.0,260.0,260.0,1,0
332005,1049,serving,count/portion,1/2 cup,130.0,130.0,130.0,1,0
332010,1000,cup,volume,,248.0,248.0,248.0,1,0
332010,1049,serving,count/portion,1/2 cup,124.0,124.0,124.0,1,0
332014,1000,cup,volume,,236.0,236.0,236.0,1,0
332014,1049,serving,count/portion,1/2 cup,118.0,118.0,118.0,1,0
332018,1000,cup,volume,,276.0,276.0,276.0,1,0
332018,1049,serving,count/portion,1/2 cup,138.0,138.0,138.0,1,0
332050,1000,cup,volume,,278.0,278.0,278.0,1,0
332050,1049,serving,count/portion,1/2 cup,139.0,139.0,139.0,1,0
332060,1000,cup,volume,,270.0,270.0,270.0,1,0
332060,1049,serving,count/portion,1/2 cup,135.0,135.0,135.0,1,0
332069,1000,cup,volume,,260.0,260.0,260.0,1,0
332069,1049,serving,count/portion,1/2 cup,130.0,130.0,130.0,1,0
332070,1000,cup,volume,,268.0,268.0,268.0,1,0
332070,1049,serving,count/portion,1/2 cup,134.0,134.0,134.0,1,0
332077,1000,cup,volume,,260.0,260.0,260.0,1,0
332077,1049,serving,count/portion,1/2 cup,130.0,130.0,130.0,1,0
332078,1000,cup,volume,,282.0,282.0,282.0,1,0
332078,1049,serving,count/portion,1/2 cup,141.0,141.0,141.0,1,0
332085,1000,cup,volume,,282.0,282.0,282.0,1,0
332085,1049,serving,count/portion,1/2 cup,141.0,141.0,141.0,1,0
332086,1000,cup,volume,,280.0,280.0,280.0,1,0
332086,1049,serving,count/portion,1/2 cup,140.0,140.0,140.0,1,0
332093,1000,cup,volume,,294.0,294.0,294.0,1,0
332093,1049,serving,count/portion,1/2 cup,147.0,147.0,147.0,1,0
332094,1000,cup,volume,,268.0,268.0,268.0,1,0
332094,1049,serving,count/portion,1/2 cup,134.0,134.0,134.0,1,0
332101,1000,cup,volume,,262.0,262.0,262.0,1,0
332101,1049,serving,count/portion,1/2 cup,131.0,131.0,131.0,1,0
332102,1000,cup,volume,,290.0,290.0,290.0,1,0
332102,1049,serving,count/portion,1/2 cup,145.0,145.0,145.0,1,0
332129,1000,cup,volume,,242.0,242.0,242.0,1,0
332129,1049,serving,count/portion,1/2 cup,121.0,121.0,121.0,1,0
332142,1000,cup,volume,,252.0,252.0,252.0,1,0
332142,1049,serving,count/portion,1/2 cup,126.0,126.0,126.0,1,0
332143,1000,cup,volume,,292.0,292.0,292.0,1,0
332143,1049,serving,count/portion,1/2 cup,146.0,146.0,146.0,1,0
332155,1000,cup,volume,,262.0,262.0,262.0,1,0
332155,1049,serving,count/portion,1/2 cup,131.0,131.0,131.0,1,0
332183,1000,cup,volume,,278.0,278.0,278.0,1,0
332183,1049,serving,count/portion,1/2 cup,139.0,139.0,139.0,1,0
332184,1000,cup,volume,,292.0,292.0,292.0,1,0
332184,1049,serving,count/portion,1/2 cup,146.0,146.0,146.0,1,0
332191,1000,cup,volume,,246.0,246.0,246.0,1,0
332191,1049,serving,count/portion,1/2 cup,123.0,123.0,123.0,1,0
332192,1000,cup,volume,,252.0,252.0,252.0,1,0
332192,1049,serving,count/portion,1/2 cup,126.0,126.0,126.0,1,0
332228,1000,cup,volume,,276.0,276.0,276.0,1,0
332228,1049,serving,count/portion,1/2 cup,138.0,138.0,138.0,1,0
332233,1000,cup,volume,,286.0,286.0,286.0,1,0
332233,1049,serving,count/portion,1/2 cup,143.0,143.0,143.0,1,0
332239,1000,cup,volume,,298.0,298.0,298.0,1,0
332239,1049,serving,count/portion,1/2 cup,149.0,149.0,149.0,1,0
332264,1000,cup,volume,,280.0,280.0,280.0,1,0
332264,1049,serving,count/portion,1/2 cup,140.0,140.0,140.0,1,0
332269,1000,cup,volume,,294.0,294.0,294.0,1,0
332269,1049,serving,count/portion,1/2 cup,147.0,147.0,147.0,1,0
332278,1000,cup,volume,,282.0,282.0,282.0,1,0
332278,1049,serving,count/portion,1/2 cup,141.0,141.0,141.0,1,0
332282,1049,serving,count/portion,1/2 cup,135.0,135.0,135.0,1,0
332284,1050,slice,count/portion,,10.6,10.6,10.6,1,0
332285,1050,slice,count/portion,,10.7,10.7,10.7,1,0
332291,1050,slice,count/portion,,10.5,10.5,10.5,1,0
332295,1050,slice,count/portion,,10.2,10.2,10.2,1,0
332303,1050,slice,count/portion,,10.8,10.8,10.8,1,0
332307,1050,slice,count/portion,,12.0,12.0,12.0,1,0
332315,1050,slice,count/portion,,13.8,13.8,13.8,1,0
332318,1050,slice,count/portion,,18.1,18.1,18.1,1,0
332325,1050,slice,count/portion,,18.0,18.0,18.0,1,0
332328,1050,slice,count/portion,,16.6,16.6,16.6,1,0
332337,1050,slice,count/portion,,13.8,13.8,13.8,1,0
332341,1050,slice,count/portion,,15.7,15.7,15.7,1,0
332349,1050,slice,count/portion,,10.9,10.9,10.9,1,0
332350,1050,slice,count/portion,,13.4,13.4,13.4,1,0
332356,1050,slice,count/portion,,17.0,17.0,17.0,1,0
332359,1050,slice,count/portion,,14.1,14.1,14.1,1,0
332366,1050,slice,count/portion,,11.4,11.4,11.4,1,0
332374,1050,slice,count/portion,,15.3,15.3,15.3,1,0
332378,1050,slice,count/portion,,11.9,11.9,11.9,1,0
332386,1050,slice,count/portion,,16.7,16.7,16.7,1,0
332390,1050,slice,count/portion,,11.5,11.5,11.5,1,0
332397,1050,slice,count/portion,,13.5,13.5,13.5,1,0
332487,1000,cup,volume,cubes,161.0,161.0,161.0,1,0
332487,1000,cup,volume,slices,140.0,140.0,140.0,1,0
332487,1049,serving,count/portion,nlea,166.0,166.0,166.0,1,0
332487,1071,each,count/portion,large,230.0,230.0,230.0,1,0
332487,1071,each,count/portion,medium,178.0,178.0,178.0,1,0
332487,1071,each,count/portion,small,148.0,148.0,148.0,1,0
332565,1000,cup,volume,sliced,140.0,140.0,140.0,1,0
332565,1071,each,count/portion,large,227.0,227.0,227.0,1,0
332565,1071,each,count/portion,medium,177.0,177.0,177.0,1,0
332565,1071,each,count/portion,small,152.0,152.0,152.0,1,0
332597,1000,cup,volume,slices,140.0,140.0,140.0,1,0
332597,1071,each,count/portion,large,230.0,230.0,230.0,1,0
332597,1071,each,count/portion,medium,178.0,178.0,178.0,1,0
332597,1071,each,count/portion,small,148.0,148.0,148.0,1,0
332599,1067,olive,count/portion,,5.0,5.0,5.0,1,0
332605,1067,olive,count/portion,,3.3,3.3,3.3,1,0
332606,1067,olive,count/portion,,4.2,4.2,4.2,1,0
332614,1067,olive,count/portion,,3.1,3.1,3.1,1,0
332617,1067,olive,count/portion,,2.4,2.4,2.4,1,0
332624,1067,olive,count/portion,,3.4,3.4,3.4,1,0
332627,1067,olive,count/portion,,2.5,2.5,2.5,1,0
332634,1067,olive,count/portion,,2.5,2.5,2.5,1,0
332637,1067,olive,count/portion,,3.0,3.0,3.0,1,0
332644,1067,olive,count/portion,,3.0,3.0,3.0,1,0
332648,1067,olive,count/portion,,3.2,3.2,3.2,1,0
332663,1067,olive,count/portion,,4.3,4.3,4.3,1,0
332666,1067,olive,count/portion,,2.8,2.8,2.8,1,0
332682,1067,olive,count/portion,,2.9,2.9,2.9,1,0
332685,1067,olive,count/portion,,3.7,3.7,3.7,1,0
332706,1067,olive,count/portion,,3.0,3.0,3.0,1,0
332709,1067,olive,count/portion,,2.8,2.8,2.8,1,0
332717,1067,olive,count/portion,,3.1,3.1,3.1,1,0
332720,1067,olive,count/portion,,4.4,4.4,4.4,1,0
332737,1067,olive,count/portion,,4.9,4.9,4.9,1,0
332740,1067,olive,count/portion,,2.2,2.2,2.2,1,0
332755,1067,olive,count/portion,,2.9,2.9,2.9,1,0
332756,1067,olive,count/portion,,2.7,2.7,2.7,1,0
332772,1067,olive,count/portion,,2.6,2.6,2.6,1,0
332775,1067,olive,count/portion,,2.5,2.5,2.5,1,0
332791,1067,olive,count/portion,,3.2,3.2,3.2,1,0
332793,1000,cup,volume,ground,208.0,208.0,208.0,1,0
332795,1033,link,count/portion,medium,69.2,69.2,69.2,1,0
332801,1000,cup,volume,ground,227.0,227.0,227.0,1,0
332804,1000,cup,volume,ground,145.0,145.0,145.0,1,0
332810,1033,link,count/portion,medium,85.7,85.7,85.7,1,0
332812,1000,cup,volume,ground,217.0,217.0,217.0,1,0
332828,1000,cup,volume,ground,165.0,165.0,165.0,1,0
332831,1000,cup,volume,ground,146.0,146.0,146.0,1,0
332847,1033,link,count/portion,long,186.0,186.0,186.0,1,0
332849,1033,link,count/portion,medium,86.4,86.4,86.4,1,0
332864,1000,cup,volume,ground,185.0,185.0,185.0,1,0
332864,1033,link,count/portion,long,186.0,186.0,186.0,1,0
332864,1033,link,count/portion,medium,80.4,80.4,80.4,1,0
332866,1022,cookie,count/portion,,32.5,32.5,32.5,1,0
332868,1022,cookie,count/portion,,31.4,31.4,31.4,1,0
332873,1022,cookie,count/portion,,34.0,34.0,34.0,1,0
332876,1022,cookie,count/portion,,31.2,31.2,31.2,1,0
332881,1022,cookie,count/portion,,25.4,25.4,25.4,1,0
332884,1022,cookie,count/portion,,29.7,29.7,29.7,1,0
332889,1022,cookie,count/portion,,26.2,26.2,26.2,1,0
332891,1022,cookie,count/portion,,25.9,25.9,25.9,1,0
332898,1022,cookie,count/portion,,30.7,30.7,30.7,1,0
332914,1022,cookie,count/portion,,26.1,26.1,26.1,1,0
332917,1022,cookie,count/portion,,16.1,16.1,16.1,1,0
332934,1022,cookie,count/portion,,24.7,24.7,24.7,1,0
332936,1022,cookie,count/portion,,19.0,19.0,19.0,1,0
332952,1022,cookie,count/portion,,30.6,30.6,30.6,1,0
332955,1022,cookie,count/portion,,31.3,31.3,31.3,1,0
332969,1022,cookie,count/portion,,24.8,24.8,24.8,1,0
332971,1022,cookie,count/portion,,18.5,18.5,18.5,1,0
332985,1022,cookie,count/portion,,14.1,14.1,14.1,1,0
332987,1022,cookie,count/portion,,33.3,33.3,33.3,1,0
332992,1022,cookie,count/portion,,29.8,29.8,29.8,1,0
332994,1022,cookie,count/portion,,32.2,32.2,32.2,1,0
333008,1022,cookie,count/portion,,27.0,27.0,27.0,1,0
333010,1000,cup,volume,,238.0,238.0,238.0,1,0
333011,1000,cup,volume,,217.0,217.0,217.0,1,0
333018,1000,cup,volume,,224.0,224.0,224.0,1,0
333019,1000,cup,volume,,218.0,218.0,218.0,1,0
333024,1000,cup,volume,,226.0,226.0,226.0,1,0
333025,1000,cup,volume,,219.0,219.0,219.0,1,0
333031,1000,cup,volume,,224.0,224.0,224.0,1,0
333033,1000,cup,volume,,225.0,225.0,225.0,1,0
333039,1000,cup,volume,,218.0,218.0,218.0,1,0
333040,1000,cup,volume,,224.0,224.0,224.0,1,0
333048,1000,cup,volume,,220.0,220.0,220.0,1,0
333049,1000,cup,volume,,228.0,228.0,228.0,1,0
333054,1000,cup,volume,,222.0,222.0,222.0,1,0
333056,1000,cup,volume,,220.0,220.0,220.0,1,0
333062,1000,cup,volume,,214.0,214.0,214.0,1,0
333064,1000,cup,volume,,225.0,225.0,225.0,1,0
333071,1000,cup,volume,,226.0,226.0,226.0,1,0
333076,1000,cup,volume,,222.0,222.0,222.0,1,0
333079,1000,cup,volume,,227.0,227.0,227.0,1,0
333084,1000,cup,volume,,212.0,212.0,212.0,1,0
333086,1000,cup,volume,,219.0,219.0,219.0,1,0
333092,1000,cup,volume,,221.0,221.0,221.0,1,0
333094,1000,cup,volume,,236.0,236.0,236.0,1,0
333098,1000,cup,volume,,210.0,210.0,210.0,1,0
333099,1000,cup,volume,,215.0,215.0,215.0,1,0
333106,1000,cup,volume,,210.0,210.0,210.0,1,0
333107,1000,cup,volume,,225.0,225.0,225.0,1,0
333112,1000,cup,volume,,221.0,221.0,221.0,1,0
333113,1000,cup,volume,,227.0,227.0,227.0,1,0
333119,1000,cup,volume,,228.0,228.0,228.0,1,0
333122,1000,cup,volume,,229.0,229.0,229.0,1,0
333129,1000,cup,volume,,227.0,227.0,227.0,1,0
333130,1000,cup,volume,,223.0,223.0,223.0,1,0
333134,1000,cup,volume,,252.0,252.0,252.0,1,0
333136,1000,cup,volume,,256.0,256.0,256.0,1,0
333142,1000,cup,volume,,244.0,244.0,244.0,1,0
333144,1000,cup,volume,,256.0,256.0,256.0,1,0
333150,1000,cup,volume,,246.0,246.0,246.0,1,0
333152,1000,cup,volume,,251.0,251.0,251.0,1,0
333158,1000,cup,volume,,249.0,249.0,249.0,1,0
333160,1000,cup,volume,,243.0,243.0,243.0,1,0
333166,1000,cup,volume,,252.0,252.0,252.0,1,0
333169,1000,cup,volume,,246.0,246.0,246.0,1,0
333175,1000,cup,volume,,218.0,218.0,218.0,1,0
333177,1000,cup,volume,,213.0,213.0,213.0,1,0
333182,1000,cup,volume,,243.0,243.0,243.0,1,0
333184,1000,cup,volume,,249.0,249.0,249.0,1,0
333189,1000,cup,volume,,241.0,241.0,241.0,1,0
333196,1000,cup,volume,,246.0,246.0,246.0,1,0
333198,1000,cup,volume,,248.0,248.0,248.0,1,0
333204,1000,cup,volume,,247.0,247.0,247.0,1,0
333206,1000,cup,volume,,241.0,241.0,241.0,1,0
333212,1000,cup,volume,,246.0,246.0,246.0,1,0
333214,1000,cup,volume,,244.0,244.0,244.0,1,0
333220,1000,cup,volume,,241.0,241.0,241.0,1,0
333227,1000,cup,volume,,234.0,234.0,234.0,1,0
333230,1000,cup,volume,,236.0,236.0,236.0,1,0
333235,1000,cup,volume,,252.0,252.0,252.0,1,0
333242,1000,cup,volume,,237.0,237.0,237.0,1,0
333244,1000,cup,volume,,248.0,248.0,248.0,1,0
333250,1000,cup,volume,,240.0,240.0,240.0,1,0
333252,1000,cup,volume,,239.0,239.0,239.0,1,0
333258,1000,cup,volume,,245.0,245.0,245.0,1,0
333260,1000,cup,volume,,239.0,239.0,239.0,1,0
333266,1000,cup,volume,,243.0,243.0,243.0,1,0
333268,1000,cup,volume,,241.0,241.0,241.0,1,0
333274,1000,cup,volume,,247.0,247.0,247.0,1,0
333276,1000,cup,volume,,245.0,245.0,245.0,1,0
333281,1000,cup,volume,,245.0,245.0,245.0,1,0
333283,1027,fillet,count/portion,,132.0,132.0,132.0,1,0
333290,1027,fillet,count/portion,,102.0,102.0,102.0,1,0
333297,1027,fillet,count/portion,,65.9,65.9,65.9,1,0
333303,1027,fillet,count/portion,,577.0,577.0,577.0,1,1
333311,1027,fillet,count/portion,,147.0,147.0,147.0,1,0
333317,1027,fillet,count/portion,,122.0,122.0,122.0,1,0
333323,1027,fillet,count/portion,,112.0,112.0,112.0,1,0
333330,1027,fillet,count/portion,,152.0,152.0,152.0,1,0
333374,1027,fillet,count/portion,,176.0,176.0,176.0,1,0
333376,1027,fillet,count/portion,,334.0,334.0,334.0,1,0
333382,1027,fillet,count/portion,,154.0,154.0,154.0,1,0
333388,1027,fillet,count/portion,,200.0,200.0,200.0,1,0
333394,1027,fillet,count/portion,,128.0,128.0,128.0,1,0
333401,1027,fillet,count/portion,,79.6,79.6,79.6,1,0
333407,1027,fillet,count/portion,,153.0,153.0,153.0,1,0
333413,1027,fillet,count/portion,,175.0,175.0,175.0,1,0
333419,1027,fillet,count/portion,,194.0,194.0,194.0,1,0
333476,1027,fillet,count/portion,,177.0,177.0,177.0,1,0
333488,1019,can,count/portion,drained solids,107.0,107.0,107.0,1,0
333488,1019,can,count/portion,total can contents,144.0,144.0,144.0,1,0
333493,1019,can,count/portion,drained solids,96.1,96.1,96.1,1,0
333493,1019,can,count/portion,total can contents,140.0,140.0,140.0,1,0
333501,1019,can,count/portion,drained solids,101.0,101.0,101.0,1,0
333501,1019,can,count/portion,total can contents,139.0,139.0,139.0,1,0
333504,1019,can,count/portion,drained solids,106.0,106.0,106.0,1,0
333504,1019,can,count/portion,total can contents,145.0,145.0,145.0,1,0
333525,1019,can,count/portion,drained solids,90.0,90.0,90.0,1,0
333525,1019,can,count/portion,total can contents,141.0,141.0,141.0,1,0
333527,1019,can,count/portion,drained solids,111.0,111.0,111.0,1,0
333527,1019,can,count/portion,total can contents,138.0,138.0,138.0,1,0
333534,1019,can,count/portion,drained solids,84.3,84.3,84.3,1,0
333534,1019,can,count/portion,total can contents,143.0,143.0,143.0,1,0
333545,1019,can,count/portion,drained solids,118.0,118.0,118.0,1,0
333545,1019,can,count/portion,total can contents,144.0,144.0,144.0,1,0
333558,1019,can,count/portion,drained solids,100.0,100.0,100.0,1,0
333558,1019,can,count/portion,total can contents,141.0,141.0,141.0,1,0
333561,1019,can,count/portion,drained solids,117.0,117.0,117.0,1,0
333561,1019,can,count/portion,total can contents,154.0,154.0,154.0,1,0
333583,1019,can,count/portion,drained solids,98.7,98.7,98.7,1,0
333583,1019,can,count/portion,total can contents,144.0,144.0,144.0,1,0
333587,1019,can,count/portion,drained solids,118.0,118.0,118.0,1,0
333587,1019,can,count/portion,total can contents,139.0,139.0,139.0,1,0
333615,1019,can,count/portion,drained solids,115.0,115.0,115.0,1,0
333615,1019,can,count/portion,total can contents,147.0,147.0,147.0,1,0
333618,1019,can,count/portion,drained solids,113.0,113.0,113.0,1,0
333618,1019,can,count/portion,total can contents,151.0,151.0,151.0,1,0
333633,1019,can,count/portion,drained solids,112.0,112.0,112.0,1,0
333633,1019,can,count/portion,total can contents,144.0,144.0,144.0,1,0
333637,1019,can,count/portion,drained solids,107.0,107.0,107.0,1,0
333637,1019,can,count/portion,total can contents,140.0,140.0,140.0,1,0
333642,1019,can,count/portion,drained solids,93.3,93.3,93.3,1,0
333642,1019,can,count/portion,total can contents,138.0,138.0,138.0,1,0
333648,1019,can,count/portion,drained solids,125.0,125.0,125.0,1,0
333648,1019,can,count/portion,total can contents,142.0,142.0,142.0,1,0
333664,1019,can,count/portion,drained solids,119.0,119.0,119.0,1,0
333664,1019,can,count/portion,total can contents,144.0,144.0,144.0,1,0
333668,1019,can,count/portion,drained solids,126.0,126.0,126.0,1,0
333668,1019,can,count/portion,total can contents,137.0,137.0,137.0,1,0
333683,1019,can,count/portion,drained solids,119.0,119.0,119.0,1,0
333683,1019,can,count/portion,total can contents,143.0,143.0,143.0,1,0
333684,1019,can,count/portion,drained solids,106.0,106.0,106.0,1,0
333684,1019,can,count/portion,total can contents,142.0,142.0,142.0,1,0
333703,1019,can,count/portion,drained solids,116.0,116.0,116.0,1,0
333703,1019,can,count/portion,total can contents,141.0,141.0,141.0,1,0
333708,1019,can,count/portion,drained solids,114.0,114.0,114.0,1,0
333708,1019,can,count/portion,total can contents,141.0,141.0,141.0,1,0
333726,1019,can,count/portion,drained solids,106.0,106.0,106.0,1,0
333726,1019,can,count/portion,total can contents,136.0,136.0,136.0,1,0
333727,1019,can,count/portion,drained solids,131.0,131.0,131.0,1,0
333727,1019,can,count/portion,total can contents,144.0,144.0,144.0,1,0
333750,1019,can,count/portion,drained solids,112.0,112.0,112.0,1,0
333750,1019,can,count/portion,total can contents,141.0,141.0,141.0,1,0
333762,1019,can,count/portion,drained solids,94.2,94.2,94.2,1,0
333762,1019,can,count/portion,total can contents,138.0,138.0,138.0,1,0
333771,1019,can,count/portion,drained solids,113.0,113.0,113.0,1,0
333771,1019,can,count/portion,total can contents,140.0,140.0,140.0,1,0
333779,1019,can,count/portion,drained solids,92.5,92.5,92.5,1,0
333779,1019,can,count/portion,total can contents,146.0,146.0,146.0,1,0
333790,1019,can,count/portion,drained solids,118.0,118.0,118.0,1,0
333790,1019,can,count/portion,total can contents,144.0,144.0,144.0,1,0
333797,1019,can,count/portion,drained solids,115.0,115.0,115.0,1,0
333797,1019,can,count/portion,total can contents,134.0,134.0,134.0,1,0
333806,1019,can,count/portion,drained solids,106.0,106.0,106.0,1,0
333806,1019,can,count/portion,total can contents,142.0,142.0,142.0,1,0
333817,1019,can,count/portion,drained solids,91.9,91.9,91.9,1,0
333817,1019,can,count/portion,total can contents,140.0,140.0,140.0,1,0
333825,1019,can,count/portion,drained solids,101.0,101.0,101.0,1,0
333825,1019,can,count/portion,total can contents,140.0,140.0,140.0,1,0
333831,1019,can,count/portion,drained solids,125.0,125.0,125.0,1,0
333831,1019,can,count/portion,total can contents,146.0,146.0,146.0,1,0
333847,1019,can,count/portion,drained solids,91.2,91.2,91.2,1,0
333847,1019,can,count/portion,total can contents,138.0,138.0,138.0,1,0
333852,1019,can,count/portion,drained solids,101.0,101.0,101.0,1,0
333852,1019,can,count/portion,total can contents,140.0,140.0,140.0,1,0
333871,1019,can,count/portion,drained solids,102.0,102.0,102.0,1,0
333871,1019,can,count/portion,total can contents,142.0,142.0,142.0,1,0
333876,1019,can,count/portion,drained solids,103.0,103.0,103.0,1,0
333876,1019,can,count/portion,total can contents,146.0,146.0,146.0,1,0
333893,1019,can,count/portion,drained solids,104.0,104.0,104.0,1,0
333893,1019,can,count/portion,total can contents,132.0,132.0,132.0,1,0
333904,1019,can,count/portion,drained solids,105.0,105.0,105.0,1,0
333904,1019,can,count/portion,total can contents,147.0,147.0,147.0,1,0
333912,1019,can,count/portion,drained solids,111.0,111.0,111.0,1,0
333912,1019,can,count/portion,total can contents,149.0,149.0,149.0,1,0
333927,1019,can,count/portion,drained solids,95.2,95.2,95.2,1,0
333927,1019,can,count/portion,total can contents,140.0,140.0,140.0,1,0
333932,1019,can,count/portion,drained solids,94.9,94.9,94.9,1,0
333932,1019,can,count/portion,total can contents,141.0,141.0,141.0,1,0
333933,1019,can,count/portion,drained solids,114.0,114.0,114.0,1,0
333933,1019,can,count/portion,total can contents,136.0,136.0,136.0,1,0
333975,1019,can,count/portion,drained solids,92.6,92.6,92.6,1,0
333975,1019,can,count/portion,total can contents,142.0,142.0,142.0,1,0
333976,1019,can,count/portion,drained solids,111.0,111.0,111.0,1,0
333976,1019,can,count/portion,total can contents,144.0,144.0,144.0,1,0
334194,1019,can,count/portion,drained solids,107.0,107.0,107.0,1,0
334194,1019,can,count/portion,total can contents,142.0,142.0,142.0,1,0
334196,1000,cup,volume,,188.0,188.0,188.0,1,0
334196,1002,teaspoon,volume,,4.0,4.0,4.0,1,0
334201,1002,teaspoon,volume,,3.9,3.9,3.9,1,0
334202,1000,cup,volume,,176.0,176.0,176.0,1,0
334202,1002,teaspoon,volume,,3.7,3.7,3.7,1,0
334203,1000,cup,volume,,194.0,194.0,194.0,1,0
334203,1002,teaspoon,volume,,4.4,4.4,4.4,1,0
334208,1000,cup,volume,,196.0,196.0,196.0,1,0
334208,1002,teaspoon,volume,,4.0,4.0,4.0,1,0
334209,1000,cup,volume,,175.0,175.0,175.0,1,0
334209,1002,teaspoon,volume,,3.8,3.8,3.8,1,0
334210,1002,teaspoon,volume,,3.7,3.7,3.7,1,0
334215,1002,teaspoon,volume,,4.1,4.1,4.1,1,0
334216,1000,cup,volume,,192.0,192.0,192.0,1,0
334216,1002,teaspoon,volume,,4.4,4.4,4.4,1,0
334217,1000,cup,volume,,200.0,200.0,200.0,1,0
334217,1002,teaspoon,volume,,4.2,4.2,4.2,1,0
334222,1000,cup,volume,,192.0,192.0,192.0,1,0
334222,1002,teaspoon,volume,,3.7,3.7,3.7,1,0
334223,1000,cup,volume,,186.0,186.0,186.0,1,0
334223,1002,teaspoon,volume,,4.0,4.0,4.0,1,0
334228,1002,teaspoon,volume,,4.1,4.1,4.1,1,0
334229,1000,cup,volume,,192.0,192.0,192.0,1,0
334229,1002,teaspoon,volume,,4.1,4.1,4.1,1,0
334230,1000,cup,volume,,196.0,196.0,196.0,1,0
334230,1002,teaspoon,volume,,4.1,4.1,4.1,1,0
334236,1000,cup,volume,,184.0,184.0,184.0,1,0
334236,1002,teaspoon,volume,,3.9,3.9,3.9,1,0
334241,1002,teaspoon,volume,,3.7,3.7,3.7,1,0
334242,1000,cup,volume,,187.0,187.0,187.0,1,0
334242,1002,teaspoon,volume,,3.7,3.7,3.7,1,0
334243,1000,cup,volume,,180.0,180.0,180.0,1,0
334243,1002,teaspoon,volume,,3.8,3.8,3.8,1,0
334247,1000,cup,volume,,188.0,188.0,188.0,1,0
334247,1002,teaspoon,volume,,4.0,4.0,4.0,1,0
334344,1044,piece,count/portion,,12.8,12.799999999999999,12.799999999999999,1,0
334363,1044,piece,count/portion,,9.067,9.066666666666666,9.066666666666666,1,0
334364,1069,order,count/portion,,490.0,490.0,490.0,1,0
334370,1044,piece,count/portion,,18.267,18.266666666666666,18.266666666666666,1,0
334371,1069,order,count/portion,,619.0,619.0,619.0,1,0
334377,1069,order,count/portion,,395.0,395.0,395.0,1,0
334377,9999,undetermined,special,,197.5,152.0,243.0,2,1
334380,1044,piece,count/portion,,15.133,15.133333333333333,15.133333333333333,1,0
334387,1044,piece,count/portion,,21.267,21.266666666666666,21.266666666666666,1,0
334388,1069,order,count/portion,,490.0,490.0,490.0,1,0
334395,1069,order,count/portion,,727.0,727.0,727.0,1,0
334395,9999,undetermined,special,,363.5,357.0,370.0,2,1
334397,1044,piece,count/portion,,8.433,8.433333333333334,8.433333333333334,1,0
334403,1069,order,count/portion,,741.0,741.0,741.0,1,0
334404,1044,piece,count/portion,,14.367,14.366666666666667,14.366666666666667,1,0
334411,1069,order,count/portion,,592.0,592.0,592.0,1,0
334412,1044,piece,count/portion,,19.433,19.433333333333334,19.433333333333334,1,0
334417,1044,piece,count/portion,,13.2,13.200000000000001,13.200000000000001,1,0
334418,1069,order,count/portion,,806.0,806.0,806.0,1,0
334418,9999,undetermined,special,,403.0,254.0,552.0,2,1
334426,1069,order,count/portion,,401.0,401.0,401.0,1,0
334426,9999,undetermined,special,,200.5,108.0,293.0,2,1
334427,1044,piece,count/portion,,9.367,9.366666666666667,9.366666666666667,1,0
334437,1069,order,count/portion,,660.0,660.0,660.0,1,0
334437,9999,undetermined,special,,330.5,229.0,432.0,2,1
334438,1044,piece,count/portion,,13.967,13.966666666666667,13.966666666666667,1,0
334444,1069,order,count/portion,,703.0,703.0,703.0,1,0
334444,9999,undetermined,special,,351.5,226.0,477.0,2,1
334448,1044,piece,count/portion,,17.333,17.333333333333332,17.333333333333332,1,0
334454,1044,piece,count/portion,,8.667,8.666666666666666,8.666666666666666,1,0
334456,1069,order,count/portion,,707.0,707.0,707.0,1,0
334456,9999,undetermined,special,,353.5,269.0,438.0,2,1
334462,1044,piece,count/portion,,13.933,13.933333333333332,13.933333333333332,1,0
334462,1069,order,count/portion,,611.0,611.0,611.0,1,0
334464,1000,cup,volume,,141.0,141.0,141.0,1,0
334468,1000,cup,volume,,134.0,134.0,134.0,1,0
334472,1000,cup,volume,,143.0,143.0,143.0,1,0
334487,1000,cup,volume,,147.0,147.0,147.0,1,0
334491,1000,cup,volume,,130.0,130.0,130.0,1,0
334497,1000,cup,volume,,140.0,140.0,140.0,1,0
334510,1000,cup,volume,,142.0,142.0,142.0,1,0
334514,1000,cup,volume,,117.0,117.0,117.0,1,0
334519,1000,cup,volume,,136.0,136.0,136.0,1,0
334523,1000,cup,volume,,108.0,108.0,108.0,1,0
334532,1000,cup,volume,,130.0,130.0,130.0,1,0
334536,1000,cup,volume,,133.0,133.0,133.0,1,0
334538,1043,piece,count/portion,,93.9,93.9,93.9,1,0
334547,1043,piece,count/portion,,184.0,184.0,184.0,1,0
334556,1043,piece,count/portion,,79.7,79.7,79.7,1,0
334557,1043,piece,count/portion,,96.1,96.1,96.1,1,0
334572,1043,piece,count/portion,,124.0,124.0,124.0,1,0
334573,1043,piece,count/portion,,54.7,54.7,54.7,1,0
334585,1043,piece,count/portion,,189.0,189.0,189.0,1,0
334607,1043,piece,count/portion,,315.0,315.0,315.0,1,1
334628,1043,piece,count/portion,,142.0,142.0,142.0,1,0
334632,1043,piece,count/portion,,155.0,155.0,155.0,1,0
334635,1043,piece,count/portion,,108.0,108.0,108.0,1,0
334643,1043,piece,count/portion,,97.6,97.6,97.6,1,0
334644,1043,piece,count/portion,,143.0,143.0,143.0,1,0
334653,1043,piece,count/portion,,123.0,123.0,123.0,1,0
334654,1043,piece,count/portion,,149.0,149.0,149.0,1,0
334665,1043,piece,count/portion,,148.0,148.0,148.0,1,0
334683,1043,piece,count/portion,,129.0,129.0,129.0,1,0
334703,1043,piece,count/portion,,107.0,107.0,107.0,1,0
334704,1043,piece,count/portion,,98.1,98.1,98.1,1,0
334720,1043,piece,count/portion,,126.0,126.0,126.0,1,0
334722,1054,steak,count/portion,raw,245.0,245.0,245.0,1,0
334723,1054,steak,count/portion,raw,313.0,313.0,313.0,1,0
334726,1054,steak,count/portion,raw,258.0,258.0,258.0,1,0
334727,1054,steak,count/portion,raw,214.0,214.0,214.0,1,0
334728,1054,steak,count/portion,raw,203.0,203.0,203.0,1,0
334729,1054,steak,count/portion,raw,268.0,268.0,268.0,1,0
334730,1054,steak,count/portion,raw,332.0,332.0,332.0,1,0
334731,1054,steak,count/portion,raw,328.0,328.0,328.0,1,0
334732,1054,steak,count/portion,raw,276.0,276.0,276.0,1,0
334733,1054,steak,count/portion,raw,235.0,235.0,235.0,1,0
334734,1054,steak,count/portion,raw,221.0,221.0,221.0,1,0
334735,1054,steak,count/portion,raw,279.0,279.0,279.0,1,0
334736,1054,steak,count/portion,raw,250.0,250.0,250.0,1,0
334737,1054,steak,count/portion,raw,302.0,302.0,302.0,1,0
334738,1054,steak,count/portion,raw,271.0,271.0,271.0,1,0
334739,1054,steak,count/portion,raw,287.0,287.0,287.0,1,0
334740,1054,steak,count/portion,raw,223.0,223.0,223.0,1,0
334741,1054,steak,count/portion,raw,353.0,353.0,353.0,1,0
334742,1054,steak,count/portion,raw,350.0,350.0,350.0,1,0
334743,1054,steak,count/portion,raw,354.0,354.0,354.0,1,0
334744,1054,steak,count/portion,raw,315.0,315.0,315.0,1,0
334745,1054,steak,count/portion,raw,267.0,267.0,267.0,1,0
334746,1054,steak,count/portion,raw,260.0,260.0,260.0,1,0
334747,1054,steak,count/portion,raw,326.0,326.0,326.0,1,0
334753,1054,steak,count/portion,raw,228.0,228.0,228.0,1,0
334754,1054,steak,count/portion,raw,294.0,294.0,294.0,1,0
334755,1054,steak,count/portion,raw,265.0,265.0,265.0,1,0
334756,1054,steak,count/portion,raw,256.0,256.0,256.0,1,0
334757,1054,steak,count/portion,raw,288.0,288.0,288.0,1,0
334758,1054,steak,count/portion,raw,276.0,276.0,276.0,1,0
334759,1054,steak,count/portion,raw,308.0,308.0,308.0,1,0
334760,1054,steak,count/portion,raw,295.0,295.0,295.0,1,0
334761,1054,steak,count/portion,raw,314.0,314.0,314.0,1,0
334762,1054,steak,count/portion,raw,312.0,312.0,312.0,1,0
334763,1054,steak,count/portion,raw,258.0,258.0,258.0,1,0
334764,1054,steak,count/portion,raw,227.0,227.0,227.0,1,0
334765,1054,steak,count/portion,raw,239.0,239.0,239.0,1,0
334766,1054,steak,count/portion,raw,269.0,269.0,269.0,1,0
334767,1054,steak,count/portion,raw,335.0,335.0,335.0,1,0
334768,1054,steak,count/portion,raw,332.0,332.0,332.0,1,0
334769,1054,steak,count/portion,raw,266.0,266.0,266.0,1,0
334770,1054,steak,count/portion,raw,255.0,255.0,255.0,1,0
334771,1054,steak,count/portion,raw,322.0,322.0,322.0,1,0
334772,1054,steak,count/portion,raw,344.0,344.0,344.0,1,0
334773,1054,steak,count/portion,raw,371.0,371.0,371.0,1,0
334774,1054,steak,count/portion,raw,326.0,326.0,326.0,1,0
334775,1054,steak,count/portion,raw,350.0,350.0,350.0,1,0
334776,1054,steak,count/portion,raw,296.0,296.0,296.0,1,0
334849,1054,steak,count/portion,raw,284.0,284.0,284.0,1,0
334851,1046,roast,count/portion,cooked,625.0,625.0,625.0,1,0
334852,1046,roast,count/portion,cooked,404.0,404.0,404.0,1,0
334853,1046,roast,count/portion,cooked,379.0,379.0,379.0,1,0
334854,1046,roast,count/portion,cooked,512.0,512.0,512.0,1,0
334855,1046,roast,count/portion,cooked,410.0,410.0,410.0,1,0
334856,1046,roast,count/portion,cooked,486.0,486.0,486.0,1,0
334863,1046,roast,count/portion,cooked,376.0,376.0,376.0,1,0
334864,1046,roast,count/portion,cooked,474.0,474.0,474.0,1,0
334865,1046,roast,count/portion,cooked,462.0,462.0,462.0,1,0
334866,1046,roast,count/portion,cooked,525.0,525.0,525.0,1,0
334867,1046,roast,count/portion,cooked,425.0,425.0,425.0,1,0
334868,1046,roast,count/portion,cooked,467.0,467.0,467.0,1,0
334897,1046,roast,count/portion,cooked,462.0,462.0,462.0,1,0
334898,1046,roast,count/portion,raw,690.0,690.0,690.0,1,0
334900,1046,roast,count/portion,raw,1060.0,1060.0,1060.0,1,0
334901,1054,steak,count/portion,raw,373.0,373.0,373.0,1,0
334904,1046,roast,count/portion,raw,823.0,823.0,823.0,1,0
334905,1046,roast,count/portion,raw,758.0,758.0,758.0,1,0
334906,1046,roast,count/portion,raw,806.0,806.0,806.0,1,0
334907,1046,roast,count/portion,raw,993.0,993.0,993.0,1,0
334908,1046,roast,count/portion,raw,678.0,678.0,678.0,1,0
334909,1046,roast,count/portion,raw,903.0,903.0,903.0,1,0
334910,1046,roast,count/portion,raw,619.0,619.0,619.0,1,0
334911,1046,roast,count/portion,raw,840.0,840.0,840.0,1,0
334912,1046,roast,count/portion,raw,1180.0,1180.0,1180.0,1,0
334913,1046,roast,count/portion,raw,414.0,414.0,414.0,1,0
334914,1046,roast,count/portion,raw,380.0,380.0,380.0,1,0
334918,1054,steak,count/portion,raw,295.0,295.0,295.0,1,0
334929,1054,steak,count/portion,raw,313.0,313.0,313.0,1,0
334932,1054,steak,count/portion,raw,321.0,321.0,321.0,1,0
334935,1054,steak,count/portion,raw,371.0,371.0,371.0,1,0
334938,1054,steak,count/portion,raw,266.0,266.0,266.0,1,0
334946,1054,steak,count/portion,raw,300.0,300.0,300.0,1,0
334949,1054,steak,count/portion,raw,304.0,304.0,304.0,1,0
334952,1054,steak,count/portion,raw,338.0,338.0,338.0,1,0
334955,1054,steak,count/portion,raw,380.0,380.0,380.0,1,0
334958,1054,steak,count/portion,raw,375.0,375.0,375.0,1,0
334961,1054,steak,count/portion,raw,444.0,444.0,444.0,1,0
334963,1046,roast,count/portion,raw,788.0,788.0,788.0,1,0
334965,1054,steak,count/portion,cooked,348.0,348.0,348.0,1,0
334968,1054,steak,count/portion,cooked,333.0,333.0,333.0,1,0
334969,1054,steak,count/portion,cooked,436.0,436.0,436.0,1,0
334970,1054,steak,count/portion,cooked,354.0,354.0,354.0,1,0
334971,1054,steak,count/portion,cooked,408.0,408.0,408.0,1,0
334972,1054,steak,count/portion,cooked,315.0,315.0,315.0,1,0
334980,1054,steak,count/portion,cooked,378.0,378.0,378.0,1,0
334981,1054,steak,count/portion,cooked,357.0,357.0,357.0,1,0
334982,1054,steak,count/portion,cooked,366.0,366.0,366.0,1,0
334983,1054,steak,count/portion,cooked,374.0,374.0,374.0,1,0
334984,1054,steak,count/portion,cooked,374.0,374.0,374.0,1,0
334985,1054,steak,count/portion,cooked,370.0,370.0,370.0,1,0
335014,1054,steak,count/portion,cooked,317.0,317.0,317.0,1,0
335017,1054,steak,count/portion,cooked,370.0,370.0,370.0,1,0
335018,1054,steak,count/portion,cooked,359.0,359.0,359.0,1,0
335019,1054,steak,count/portion,cooked,376.0,376.0,376.0,1,0
335020,1054,steak,count/portion,cooked,350.0,350.0,350.0,1,0
335021,1054,steak,count/portion,cooked,322.0,322.0,322.0,1,0
335028,1054,steak,count/portion,cooked,343.0,343.0,343.0,1,0
335029,1054,steak,count/portion,cooked,353.0,353.0,353.0,1,0
335030,1054,steak,count/portion,cooked,398.0,398.0,398.0,1,0
335031,1054,steak,count/portion,cooked,376.0,376.0,376.0,1,0
335032,1054,steak,count/portion,cooked,327.0,327.0,327.0,1,0
335033,1054,steak,count/portion,cooked,366.0,366.0,366.0,1,0
335061,1054,steak,count/portion,cooked,360.0,360.0,360.0,1,0
335063,1054,steak,count/portion,raw,506.0,506.0,506.0,1,0
335066,1054,steak,count/portion,raw,524.0,524.0,524.0,1,0
335067,1054,steak,count/portion,raw,375.0,375.0,375.0,1,0
335068,1054,steak,count/portion,raw,587.0,587.0,587.0,1,0
335069,1054,steak,count/portion,raw,559.0,559.0,559.0,1,0
335070,1054,steak,count/portion,raw,508.0,508.0,508.0,1,0
335071,1054,steak,count/portion,raw,564.0,564.0,564.0,1,0
335072,1054,steak,count/portion,raw,478.0,478.0,478.0,1,0
335073,1054,steak,count/portion,raw,526.0,526.0,526.0,1,0
335074,1054,steak,count/portion,raw,577.0,577.0,577.0,1,0
335075,1054,steak,count/portion,raw,559.0,559.0,559.0,1,0
335076,1054,steak,count/portion,raw,536.0,536.0,536.0,1,0
335109,1054,steak,count/portion,raw,525.0,525.0,525.0,1,0
335111,1050,slice,count/portion,,44.8,44.8,44.8,1,0
335114,1050,slice,count/portion,,32.2,32.2,32.2,1,0
335118,1050,slice,count/portion,,26.5,26.5,26.5,1,0
335119,1050,slice,count/portion,,40.0,40.0,40.0,1,0
335123,1050,slice,count/portion,,26.8,26.8,26.8,1,0
335124,1050,slice,count/portion,,31.7,31.7,31.7,1,0
335138,1050,slice,count/portion,,39.8,39.8,39.8,1,0
335154,1050,slice,count/portion,,29.8,29.8,29.8,1,0
335155,1050,slice,count/portion,,25.3,25.3,25.3,1,0
335170,1050,slice,count/portion,,32.3,32.3,32.3,1,0
335171,1050,slice,count/portion,,25.8,25.8,25.8,1,0
335186,1050,slice,count/portion,,26.5,26.5,26.5,1,0
335187,1050,slice,count/portion,,29.9,29.9,29.9,1,0
335203,1050,slice,count/portion,,27.3,27.3,27.3,1,0
335204,1050,slice,count/portion,,23.8,23.8,23.8,1,0
335209,1050,slice,count/portion,,26.9,26.9,26.9,1,0
335210,1050,slice,count/portion,,31.0,31.0,31.0,1,0
335225,1050,slice,count/portion,,45.9,45.9,45.9,1,0
335226,1050,slice,count/portion,,43.2,43.2,43.2,1,0
335240,1050,slice,count/portion,,32.1,32.1,32.1,1,0
746758,1046,roast,count/portion,cooked,462.0,462.0,462.0,1,0
746759,1054,steak,count/portion,raw,284.0,284.0,284.0,1,0
746760,1046,roast,count/portion,raw,690.0,690.0,690.0,1,0
746761,1046,roast,count/portion,raw,788.0,788.0,788.0,1,0
746762,1054,steak,count/portion,raw,525.0,525.0,525.0,1,0
746763,1054,steak,count/portion,cooked,360.0,360.0,360.0,1,0
746765,1000,cup,volume,grated,97.3,97.3,97.3,1,0
746766,1000,cup,volume,,320.045,258.0,322.99999999999994,2,0
746767,1050,slice,count/portion,regular,21.9,21.9,21.9,1,0
746767,1050,slice,count/portion,thin,10.9,10.9,10.9,1,0
746768,1000,cup,volume,,149.0,149.0,149.0,1,0
746768,1071,each,count/portion,,8.4,8.4,8.4,1,0
746769,1117,bunch,count/portion,,581.0,581.0,581.0,1,0
746770,1000,cup,volume,cubes,160.0,160.0,160.0,1,0
746770,1000,cup,volume,diced,156.0,156.0,156.0,1,0
746770,1044,piece,count/portion,balls,13.8,13.8,13.8,1,0
746770,1060,wedge,count/portion,large (1/8 of large melon),102.0,102.0,102.0,1,0
746770,1060,wedge,count/portion,medium (1/8 of medium melon),69.0,69.0,69.0,1,0
746770,1060,wedge,count/portion,small (1/8 of small melon),55.0,55.0,55.0,1,0
746770,1071,each,count/portion,"large (about 6-1/2"" dia)",814.0,814.0,814.0,1,1
746770,1071,each,count/portion,"medium (about 5"" dia)",552.0,552.0,552.0,1,0
746770,1071,each,count/portion,"small (about 4-1/4"" dia)",441.0,441.0,441.0,1,0
746771,1000,cup,volume,sections no membranes,165.0,165.0,165.0,1,0
746771,1071,each,count/portion,"2-7/8"" dia",140.0,140.0,140.0,1,0
746772,1000,cup,volume,,246.0,246.0,246.0,1,0
746773,1000,cup,volume,slices,140.0,140.0,140.0,1,0
746773,1071,each,count/portion,large,230.0,230.0,230.0,1,0
746773,1071,each,count/portion,medium,178.0,178.0,178.0,1,0
746773,1071,each,count/portion,small,148.0,148.0,148.0,1,0
746774,1044,piece,count/portion,,13.933,13.933333333333332,13.933333333333332,1,0
746774,1069,order,count/portion,,611.0,611.0,611.0,1,0
746775,1002,teaspoon,volume,,6.1,6.1,6.1,1,0
746776,1000,cup,volume,,246.0,246.0,246.0,1,0
746777,1001,tablespoon,volume,,17.85,17.85,17.85,1,0
746778,1000,cup,volume,,245.0,245.0,245.0,1,0
746779,1033,link,count/portion,,18.6,18.6,18.6,1,0
746780,1033,link,count/portion,medium,86.6,86.6,86.6,1,0
746781,1000,cup,volume,ground,185.0,185.0,185.0,1,0
746781,1033,link,count/portion,long,186.0,186.0,186.0,1,0
746781,1033,link,count/portion,medium,80.4,80.4,80.4,1,0
746782,1000,cup,volume,,249.0,249.0,249.0,1,0
746783,1033,link,count/portion,,27.9,27.9,27.9,1,0
746783,1039,package,count/portion,,450.0,450.0,450.0,1,0
746784,1000,cup,volume,,188.0,188.0,188.0,1,0
746784,1002,teaspoon,volume,,4.0,4.0,4.0,1,0
746785,1010,paired cooked w,special,crumbles,155.0,155.0,155.0,1,0
746787,1050,slice,count/portion,,17.5,17.5,17.5,1,0
746793,1050,slice,count/portion,,14.3,14.3,14.3,1,0
746799,1050,slice,count/portion,,14.5,14.5,14.5,1,0
746805,1050,slice,count/portion,,14.6,14.6,14.6,1,0
746811,1050,slice,count/portion,,13.8,13.8,13.8,1,0
746817,1050,slice,count/portion,,14.6,14.6,14.6,1,0
746823,1050,slice,count/portion,,13.7,13.7,13.7,1,0
746831,1050,slice,count/portion,,26.2,26.2,26.2,1,0
746838,1050,slice,count/portion,,10.3,10.3,10.3,1,0
746846,1050,slice,count/portion,,11.5,11.5,11.5,1,0
746853,1050,slice,count/portion,,25.6,25.6,25.6,1,0
746860,1050,slice,count/portion,,11.4,11.4,11.4,1,0
746868,1050,slice,count/portion,,10.4,10.4,10.4,1,0
746875,1050,slice,count/portion,,25.8,25.8,25.8,1,0
746883,1050,slice,count/portion,,29.5,29.5,29.5,1,0
746890,1050,slice,count/portion,,12.0,12.0,12.0,1,0
746897,1050,slice,count/portion,,12.0,12.0,12.0,1,0
746905,1050,slice,count/portion,,11.3,11.3,11.3,1,0
746913,1050,slice,count/portion,,11.5,11.5,11.5,1,0
746920,1050,slice,count/portion,,9.9,9.9,9.9,1,0
746927,1050,slice,count/portion,,22.9,22.9,22.9,1,0
746936,1050,slice,count/portion,,26.1,26.1,26.1,1,0
746944,1050,slice,count/portion,,12.1,12.1,12.1,1,0
746952,1050,slice,count/portion,,16.2,16.2,16.2,1,0
746961,1050,slice,count/portion,,13.6,13.6,13.6,1,0
746967,1050,slice,count/portion,,21.7,21.7,21.7,1,0
746974,1050,slice,count/portion,,12.9,12.9,12.9,1,0
746980,1050,slice,count/portion,,14.2,14.2,14.2,1,0
746986,1050,slice,count/portion,,13.5,13.5,13.5,1,0
746993,1050,slice,count/portion,,13.8,13.8,13.8,1,0
746998,1050,slice,count/portion,,14.1,14.1,14.1,1,0
747003,1050,slice,count/portion,,12.3,12.3,12.3,1,0
747008,1050,slice,count/portion,,13.6,13.6,13.6,1,0
747015,1050,slice,count/portion,,11.7,11.7,11.7,1,0
747022,1050,slice,count/portion,,14.6,14.6,14.6,1,0
747029,1050,slice,count/portion,,11.0,11.0,11.0,1,0
747036,1050,slice,count/portion,,11.5,11.5,11.5,1,0
747042,1050,slice,count/portion,,11.5,11.5,11.5,1,0
747049,1050,slice,count/portion,,11.5,11.5,11.5,1,0
747056,1050,slice,count/portion,,13.7,13.7,13.7,1,0
747062,1050,slice,count/portion,,12.5,12.5,12.5,1,0
747069,1050,slice,count/portion,,13.8,13.8,13.8,1,0
747076,1050,slice,count/portion,,13.3,13.3,13.3,1,0
747083,1050,slice,count/portion,,12.9,12.9,12.9,1,0
747091,1050,slice,count/portion,,12.3,12.3,12.3,1,0
747097,1050,slice,count/portion,,20.2,20.2,20.2,1,0
747103,1050,slice,count/portion,,23.3,23.3,23.3,1,0
747110,1050,slice,count/portion,,14.8,14.8,14.8,1,0
747116,1050,slice,count/portion,,21.6,21.6,21.6,1,0
747122,1050,slice,count/portion,,21.3,21.3,21.3,1,0
747129,1050,slice,count/portion,,21.7,21.7,21.7,1,0
747136,1050,slice,count/portion,,20.4,20.4,20.4,1,0
747142,1050,slice,count/portion,,22.2,22.2,22.2,1,0
747149,1050,slice,count/portion,,19.4,19.4,19.4,1,0
747155,1050,slice,count/portion,,20.8,20.8,20.8,1,0
747161,1050,slice,count/portion,,21.8,21.8,21.8,1,0
747167,1050,slice,count/portion,,22.7,22.7,22.7,1,0
747173,1050,slice,count/portion,,21.8,21.8,21.8,1,0
747179,1050,slice,count/portion,,20.7,20.7,20.7,1,0
747185,1050,slice,count/portion,,20.3,20.3,20.3,1,0
747191,1050,slice,count/portion,,13.3,13.3,13.3,1,0
747197,1050,slice,count/portion,,14.2,14.2,14.2,1,0
747203,1050,slice,count/portion,,13.6,13.6,13.6,1,0
747209,1050,slice,count/portion,,20.5,20.5,20.5,1,0
747215,1050,slice,count/portion,,14.2,14.2,14.2,1,0
747221,1050,slice,count/portion,,14.7,14.7,14.7,1,0
747227,1050,slice,count/portion,,16.4,16.4,16.4,1,0
747233,1050,slice,count/portion,,14.5,14.5,14.5,1,0
747239,1050,slice,count/portion,,15.4,15.4,15.4,1,0
747245,1050,slice,count/portion,,14.8,14.8,14.8,1,0
747251,1050,slice,count/portion,,13.8,13.8,13.8,1,0
747257,1050,slice,count/portion,,14.1,14.1,14.1,1,0
747263,1050,slice,count/portion,,11.5,11.5,11.5,1,0
747269,1050,slice,count/portion,,6.6,6.6,6.6,1,0
747276,1050,slice,count/portion,,5.1,5.1,5.1,1,0
747283,1050,slice,count/portion,,5.5,5.5,5.5,1,0
747290,1050,slice,count/portion,,6.1,6.1,6.1,1,0
747297,1050,slice,count/portion,,5.7,5.7,5.7,1,0
747304,1050,slice,count/portion,,21.0,21.0,21.0,1,0
747311,1050,slice,count/portion,,20.2,20.2,20.2,1,0
747318,1050,slice,count/portion,,13.3,13.3,13.3,1,0
747325,1050,slice,count/portion,,22.2,22.2,22.2,1,0
747332,1050,slice,count/portion,,20.3,20.3,20.3,1,0
747339,1050,slice,count/portion,,19.7,19.7,19.7,1,0
747346,1050,slice,count/portion,,20.6,20.6,20.6,1,0
747353,1050,slice,count/portion,,20.1,20.1,20.1,1,0
747360,1050,slice,count/portion,,17.8,17.8,17.8,1,0
747367,1050,slice,count/portion,,17.2,17.2,17.2,1,0
747374,1050,slice,count/portion,,19.4,19.4,19.4,1,0
747381,1050,slice,count/portion,,21.6,21.6,21.6,1,0
747388,1050,slice,count/portion,,22.6,22.6,22.6,1,0
747395,1050,slice,count/portion,,13.5,13.5,13.5,1,0
747402,1050,slice,count/portion,,19.5,19.5,19.5,1,0
747409,1050,slice,count/portion,,14.1,14.1,14.1,1,0
747416,1050,slice,count/portion,,15.5,15.5,15.5,1,0
747423,1050,slice,count/portion,,18.6,18.6,18.6,1,0
747429,1050,slice,count/portion,,16.0,16.0,16.0,1,0
747447,1000,cup,volume,chopped,76.0,76.0,76.0,1,0
747695,1099,egg,count/portion,white,34.79,32.1,38.2,10,0
747695,1099,egg,count/portion,whole in shell,59.37,55.0,63.0,10,0
747695,1099,egg,count/portion,whole without shell,50.91,47.7,54.0,10,0
747695,1099,egg,count/portion,yolk,16.156,14.6,17.3,9,0
747696,1099,egg,count/portion,white,34.4,30.9,37.6,9,0
747696,1099,egg,count/portion,whole in shell,58.25,54.0,63.1,10,0
747696,1099,egg,count/portion,whole without shell,49.76,46.0,53.3,10,0
747696,1099,egg,count/portion,yolk,15.3,11.0,17.9,10,0
747697,1099,egg,count/portion,white,33.725,31.6,36.2,4,0
747697,1099,egg,count/portion,whole in shell,57.125,54.0,60.9,4,0
747697,1099,egg,count/portion,whole without shell,48.75,45.1,52.3,4,0
747697,1099,egg,count/portion,yolk,15.025,13.5,16.1,4,0
747702,1099,egg,count/portion,white,33.0,30.9,34.8,4,0
747702,1099,egg,count/portion,whole in shell,56.38,51.8,60.1,10,0
747702,1099,egg,count/portion,whole without shell,48.055,40.1,51.6,11,0
747702,1099,egg,count/portion,yolk,14.22,12.5,16.0,5,0
747703,1099,egg,count/portion,white,33.29,31.7,36.2,10,0
747703,1099,egg,count/portion,whole in shell,57.111,52.5,61.6,9,0
747703,1099,egg,count/portion,whole without shell,48.75,44.9,52.3,10,0
747703,1099,egg,count/portion,yolk,15.65,12.9,17.6,10,0
747704,1099,egg,count/portion,white,33.125,29.5,36.3,8,0
747704,1099,egg,count/portion,whole in shell,58.787,52.8,61.4,8,0
747704,1099,egg,count/portion,whole without shell,50.225,44.9,52.9,8,0
747704,1099,egg,count/portion,yolk,17.1,13.7,21.7,8,0
747710,1099,egg,count/portion,white,32.425,29.5,37.4,8,0
747710,1099,egg,count/portion,whole in shell,57.14,52.1,61.2,10,0
747710,1099,egg,count/portion,whole without shell,49.12,44.9,52.5,10,0
747710,1099,egg,count/portion,yolk,16.711,13.8,21.0,9,0
747711,1099,egg,count/portion,white,34.65,33.8,35.5,2,0
747711,1099,egg,count/portion,whole in shell,56.111,52.9,61.0,9,0
747711,1099,egg,count/portion,whole without shell,48.3,45.2,52.6,9,0
747711,1099,egg,count/portion,yolk,16.167,15.5,17.1,3,0
747712,1099,egg,count/portion,whole in shell,56.59,52.6,61.6,10,0
747712,1099,egg,count/portion,whole without shell,48.92,46.2,52.2,10,0
747724,1099,egg,count/portion,white,33.689,31.8,37.5,9,0
747724,1099,egg,count/portion,whole in shell,56.943,52.6,60.8,7,0
747724,1099,egg,count/portion,whole without shell,48.6,44.7,52.0,8,0
747724,1099,egg,count/portion,yolk,14.838,10.9,18.4,8,0
747740,1099,egg,count/portion,white,32.6,27.0,36.6,8,0
747740,1099,egg,count/portion,whole in shell,56.356,52.7,60.1,9,0
747740,1099,egg,count/portion,whole without shell,48.811,44.8,52.5,9,0
747740,1099,egg,count/portion,yolk,16.122,12.1,19.9,9,0
747741,1099,egg,count/portion,white,34.258,29.7,37.8,12,0
747741,1099,egg,count/portion,whole in shell,58.055,53.1,61.9,11,0
747741,1099,egg,count/portion,whole without shell,50.15,45.8,53.7,10,0
747741,1099,egg,count/portion,yolk,16.0,14.0,17.7,11,0
747750,1099,egg,count/portion,white,36.14,33.1,38.2,10,0
747750,1099,egg,count/portion,whole in shell,64.77,60.0,69.1,10,0
747750,1099,egg,count/portion,whole without shell,55.13,50.5,59.7,10,0
747750,1099,egg,count/portion,yolk,18.99,17.4,21.5,10,0
747751,1099,egg,count/portion,white,35.811,30.4,40.8,9,0
747751,1099,egg,count/portion,whole in shell,63.362,55.4,69.8,8,0
747751,1099,egg,count/portion,whole without shell,54.42,47.1,60.4,10,0
747751,1099,egg,count/portion,yolk,18.578,15.6,22.2,9,0
747752,1099,egg,count/portion,white,37.167,35.1,39.4,3,0
747752,1099,egg,count/portion,whole in shell,66.267,62.2,69.4,3,0
747752,1099,egg,count/portion,whole without shell,57.1,52.6,60.2,3,0
747752,1099,egg,count/portion,yolk,19.933,17.5,21.5,3,0
747758,1099,egg,count/portion,white,33.544,30.9,36.1,9,0
747758,1099,egg,count/portion,whole in shell,58.6,55.5,60.9,8,0
747758,1099,egg,count/portion,whole without shell,50.386,47.9,52.1,7,0
747758,1099,egg,count/portion,yolk,16.6,14.2,18.4,9,0
747759,1099,egg,count/portion,white,32.33,30.6,33.8,10,0
747759,1099,egg,count/portion,whole in shell,56.89,53.9,60.2,10,0
747759,1099,egg,count/portion,whole without shell,48.789,46.4,51.2,9,0
747759,1099,egg,count/portion,yolk,16.456,13.1,18.2,9,0
747760,1099,egg,count/portion,white,32.86,31.6,35.3,5,0
747760,1099,egg,count/portion,whole in shell,58.24,55.7,60.8,5,0
747760,1099,egg,count/portion,whole without shell,49.46,46.5,51.6,5,0
747760,1099,egg,count/portion,yolk,16.6,14.9,18.0,5,0
747766,1099,egg,count/portion,white,33.767,29.8,37.2,9,0
747766,1099,egg,count/portion,whole in shell,58.671,55.7,61.0,7,0
747766,1099,egg,count/portion,whole without shell,50.267,47.3,53.0,9,0
747766,1099,egg,count/portion,yolk,16.5,13.4,18.5,9,0
747767,1099,egg,count/portion,white,33.173,30.1,36.2,11,0
747767,1099,egg,count/portion,whole in shell,56.545,53.5,60.8,11,0
747767,1099,egg,count/portion,whole without shell,49.27,46.1,52.8,10,0
747767,1099,egg,count/portion,yolk,16.09,14.3,17.7,10,0
747768,1099,egg,count/portion,white,32.925,30.3,34.8,4,0
747768,1099,egg,count/portion,whole in shell,57.7,53.0,61.2,4,0
747768,1099,egg,count/portion,whole without shell,49.85,45.6,52.9,4,0
747768,1099,egg,count/portion,yolk,16.925,15.3,18.1,4,0
747774,1099,egg,count/portion,white,32.1,28.9,35.1,13,0
747774,1099,egg,count/portion,whole in shell,58.136,53.3,60.7,14,0
747774,1099,egg,count/portion,whole without shell,49.893,45.6,52.8,15,0
747774,1099,egg,count/portion,yolk,17.608,15.8,20.2,13,0
747775,1099,egg,count/portion,white,31.863,28.7,34.4,16,0
747775,1099,egg,count/portion,whole in shell,58.247,54.7,60.4,15,0
747775,1099,egg,count/portion,whole without shell,49.764,47.2,52.7,14,0
747775,1099,egg,count/portion,yolk,17.993,15.9,21.6,15,0
747781,1099,egg,count/portion,white,32.171,30.6,34.4,7,0
747781,1099,egg,count/portion,whole in shell,57.262,54.5,59.5,8,0
747781,1099,egg,count/portion,whole without shell,49.9,47.7,52.4,8,0
747781,1099,egg,count/portion,yolk,17.886,16.9,19.3,7,0
747782,1099,egg,count/portion,white,33.238,30.7,34.8,8,0
747782,1099,egg,count/portion,whole in shell,58.1,54.2,60.0,9,0
747782,1099,egg,count/portion,whole without shell,50.733,48.1,52.4,9,0
747782,1099,egg,count/portion,yolk,17.671,17.0,18.7,7,0
747790,1099,egg,count/portion,white,34.657,32.4,38.0,7,0
747790,1099,egg,count/portion,whole in shell,56.867,53.5,60.3,6,0
747790,1099,egg,count/portion,whole without shell,48.8,46.5,52.0,7,0
747790,1099,egg,count/portion,yolk,14.143,12.4,15.2,7,0
747791,1099,egg,count/portion,white,33.467,29.2,37.4,3,0
747791,1099,egg,count/portion,whole in shell,55.5,53.2,58.8,3,0
747791,1099,egg,count/portion,whole without shell,47.867,45.3,51.2,3,0
747791,1099,egg,count/portion,yolk,14.4,13.3,16.1,3,0
747792,1099,egg,count/portion,white,33.5,31.3,34.7,6,0
747792,1099,egg,count/portion,whole in shell,55.171,53.7,56.5,7,0
747792,1099,egg,count/portion,whole without shell,46.957,45.7,48.1,7,0
747792,1099,egg,count/portion,yolk,13.314,11.8,14.5,7,0
747793,1099,egg,count/portion,white,33.85,32.8,34.9,2,0
747793,1099,egg,count/portion,whole in shell,55.4,54.3,56.5,2,0
747793,1099,egg,count/portion,whole without shell,47.0,45.3,48.7,2,0
747793,1099,egg,count/portion,yolk,13.15,12.5,13.8,2,0
747794,1099,egg,count/portion,white,34.66,31.3,37.8,5,0
747794,1099,egg,count/portion,whole in shell,58.2,55.4,61.5,5,0
747794,1099,egg,count/portion,whole without shell,49.72,46.9,52.6,5,0
747794,1099,egg,count/portion,yolk,15.275,14.2,16.0,4,0
747799,1099,egg,count/portion,white,33.56,32.6,35.8,5,0
747799,1099,egg,count/portion,whole in shell,55.414,54.2,56.6,7,0
747799,1099,egg,count/portion,whole without shell,47.86,46.8,49.0,5,0
747799,1099,egg,count/portion,yolk,13.62,12.7,14.2,5,0
747800,1099,egg,count/portion,white,33.43,31.4,36.4,10,0
747800,1099,egg,count/portion,whole in shell,55.664,53.6,58.6,11,0
747800,1099,egg,count/portion,whole without shell,47.809,45.6,50.3,11,0
747800,1099,egg,count/portion,yolk,14.21,12.2,16.2,10,0
747809,1099,egg,count/portion,white,37.614,33.3,39.5,7,0
747809,1099,egg,count/portion,whole in shell,64.667,62.5,66.9,6,0
747809,1099,egg,count/portion,whole without shell,55.583,52.3,57.8,6,0
747809,1099,egg,count/portion,yolk,18.267,17.0,19.1,6,0
747810,1099,egg,count/portion,white,37.478,35.1,39.8,9,0
747810,1099,egg,count/portion,whole in shell,64.489,63.1,66.6,9,0
747810,1099,egg,count/portion,whole without shell,55.6,53.7,57.4,9,0
747810,1099,egg,count/portion,yolk,18.167,16.3,20.3,9,0
747811,1099,egg,count/portion,white,37.629,35.7,39.6,7,0
747811,1099,egg,count/portion,whole in shell,65.683,64.4,66.7,6,0
747811,1099,egg,count/portion,whole without shell,56.414,54.8,58.1,7,0
747811,1099,egg,count/portion,yolk,18.786,15.2,21.0,7,0
747817,1099,egg,count/portion,white,35.11,33.3,39.5,10,0
747817,1099,egg,count/portion,whole in shell,58.6,54.7,61.1,10,0
747817,1099,egg,count/portion,whole without shell,50.867,48.1,53.9,9,0
747817,1099,egg,count/portion,yolk,15.756,14.4,18.3,9,0
747818,1099,egg,count/portion,white,34.344,30.5,36.3,9,0
747818,1099,egg,count/portion,whole in shell,57.75,54.5,61.2,8,0
747818,1099,egg,count/portion,whole without shell,50.478,47.0,53.1,9,0
747818,1099,egg,count/portion,yolk,16.133,13.1,19.6,9,0
747819,1099,egg,count/portion,white,33.4,30.5,35.9,5,0
747819,1099,egg,count/portion,whole in shell,56.12,54.2,59.0,5,0
747819,1099,egg,count/portion,whole without shell,48.76,47.0,50.7,5,0
747819,1099,egg,count/portion,yolk,15.36,13.4,17.5,5,0
747825,1099,egg,count/portion,white,32.85,31.0,34.4,12,0
747825,1099,egg,count/portion,whole in shell,56.689,54.4,58.8,9,0
747825,1099,egg,count/portion,whole without shell,49.482,46.8,51.4,11,0
747825,1099,egg,count/portion,yolk,16.9,15.4,18.0,10,0
747826,1099,egg,count/portion,white,31.891,30.0,34.6,11,0
747826,1099,egg,count/portion,whole in shell,56.792,53.2,59.5,12,0
747826,1099,egg,count/portion,whole without shell,48.0,44.2,52.0,12,0
747826,1099,egg,count/portion,yolk,16.158,12.2,18.1,12,0
747827,1099,egg,count/portion,white,31.873,29.1,34.3,11,0
747827,1099,egg,count/portion,whole in shell,56.845,53.7,59.5,11,0
747827,1099,egg,count/portion,whole without shell,48.255,44.4,51.2,11,0
747827,1099,egg,count/portion,yolk,16.382,12.1,19.8,11,0
747834,1099,egg,count/portion,white,33.162,31.4,35.0,8,0
747834,1099,egg,count/portion,whole in shell,56.025,53.4,58.4,8,0
747834,1099,egg,count/portion,whole without shell,47.938,45.4,50.4,8,0
747834,1099,egg,count/portion,yolk,14.775,11.0,18.2,8,0
747835,1099,egg,count/portion,white,32.575,29.2,36.4,4,0
747835,1099,egg,count/portion,whole in shell,58.375,56.6,59.7,4,0
747835,1099,egg,count/portion,whole without shell,50.225,48.0,52.0,4,0
747835,1099,egg,count/portion,yolk,17.65,15.6,18.8,4,0
747843,1099,egg,count/portion,white,31.833,30.5,32.8,3,0
747843,1099,egg,count/portion,whole in shell,56.3,53.5,58.9,3,0
747843,1099,egg,count/portion,whole without shell,49.0,46.6,51.1,3,0
747843,1099,egg,count/portion,yolk,17.167,16.1,18.9,3,0
747844,1099,egg,count/portion,white,33.11,30.7,38.4,10,0
747844,1099,egg,count/portion,whole in shell,57.742,53.7,60.9,12,0
747844,1099,egg,count/portion,whole without shell,50.108,47.0,53.4,12,0
747844,1099,egg,count/portion,yolk,17.32,14.7,21.3,10,0
747845,1099,egg,count/portion,white,31.683,29.5,34.0,6,0
747845,1099,egg,count/portion,whole in shell,57.4,54.5,59.7,6,0
747845,1099,egg,count/portion,whole without shell,49.317,46.7,51.7,6,0
747845,1099,egg,count/portion,yolk,17.54,16.7,18.3,5,0
747851,1099,egg,count/portion,white,32.3,29.2,36.2,7,0
747851,1099,egg,count/portion,whole in shell,57.575,54.2,61.3,8,0
747851,1099,egg,count/portion,whole without shell,49.083,46.1,52.8,6,0
747851,1099,egg,count/portion,yolk,17.162,15.9,18.4,8,0
747852,1099,egg,count/portion,white,31.571,29.7,33.5,7,0
747852,1099,egg,count/portion,whole in shell,56.414,54.7,59.0,7,0
747852,1099,egg,count/portion,whole without shell,48.3,46.7,50.4,7,0
747852,1099,egg,count/portion,yolk,16.729,14.3,19.4,7,0
747853,1099,egg,count/portion,white,32.767,30.5,35.8,3,0
747853,1099,egg,count/portion,whole in shell,56.667,50.3,61.7,3,0
747853,1099,egg,count/portion,whole without shell,50.467,47.4,53.6,3,0
747853,1099,egg,count/portion,yolk,17.7,16.9,18.4,3,0
747854,1099,egg,count/portion,white,32.35,29.4,35.1,6,0
747854,1099,egg,count/portion,whole in shell,58.633,55.5,61.8,6,0
747854,1099,egg,count/portion,whole without shell,50.167,46.9,52.7,6,0
747854,1099,egg,count/portion,yolk,17.6,16.5,18.9,5,0
747860,1099,egg,count/portion,white,31.931,27.4,37.1,16,0
747860,1099,egg,count/portion,whole in shell,57.235,53.0,60.3,17,0
747860,1099,egg,count/portion,whole without shell,48.753,45.1,52.7,17,0
747860,1099,egg,count/portion,yolk,16.956,15.0,18.8,16,0
747861,1099,egg,count/portion,white,33.54,30.2,37.0,10,0
747861,1099,egg,count/portion,whole in shell,58.136,54.8,61.6,11,0
747861,1099,egg,count/portion,whole without shell,50.36,46.9,53.6,10,0
747861,1099,egg,count/portion,yolk,16.5,14.2,20.2,10,0
747862,1099,egg,count/portion,white,33.783,31.0,37.4,6,0
747862,1099,egg,count/portion,whole in shell,57.733,55.0,61.1,6,0
747862,1099,egg,count/portion,whole without shell,49.683,47.2,53.3,6,0
747862,1099,egg,count/portion,yolk,15.9,15.4,16.3,6,0
747867,1099,egg,count/portion,white,36.68,34.3,40.0,10,0
747867,1099,egg,count/portion,whole in shell,64.04,61.4,66.7,10,0
747867,1099,egg,count/portion,whole without shell,55.136,52.8,58.0,11,0
747867,1099,egg,count/portion,yolk,18.36,16.7,19.6,10,0
747868,1099,egg,count/portion,white,37.6,35.7,38.6,6,0
747868,1099,egg,count/portion,whole in shell,64.314,61.2,66.8,7,0
747868,1099,egg,count/portion,whole without shell,55.214,53.0,57.2,7,0
747868,1099,egg,count/portion,yolk,17.543,14.4,20.3,7,0
747869,1099,egg,count/portion,white,37.8,35.0,41.6,6,0
747869,1099,egg,count/portion,whole in shell,64.517,62.3,66.8,6,0
747869,1099,egg,count/portion,whole without shell,55.417,53.2,58.6,6,0
747869,1099,egg,count/portion,yolk,17.617,15.3,21.0,6,0
747875,1099,egg,count/portion,white,34.682,30.1,37.9,11,0
747875,1099,egg,count/portion,whole in shell,59.42,54.6,63.0,10,0
747875,1099,egg,count/portion,whole without shell,51.2,46.9,54.9,11,0
747875,1099,egg,count/portion,yolk,16.456,13.7,17.6,9,0
747876,1099,egg,count/portion,white,34.77,33.0,37.9,10,0
747876,1099,egg,count/portion,whole in shell,59.59,56.0,63.8,10,0
747876,1099,egg,count/portion,whole without shell,51.56,47.6,54.7,10,0
747876,1099,egg,count/portion,yolk,16.712,13.9,18.9,8,0
747877,1099,egg,count/portion,white,39.133,36.8,42.1,9,0
747877,1099,egg,count/portion,whole in shell,65.75,64.0,69.0,8,0
747877,1099,egg,count/portion,whole without shell,57.75,55.9,63.6,8,0
747877,1099,egg,count/portion,yolk,18.438,17.1,21.8,8,0
747883,1099,egg,count/portion,white,34.957,32.2,37.6,7,0
747883,1099,egg,count/portion,whole in shell,59.571,55.4,62.3,7,0
747883,1099,egg,count/portion,whole without shell,51.243,48.1,53.3,7,0
747883,1099,egg,count/portion,yolk,16.286,14.0,17.9,7,0
747884,1099,egg,count/portion,white,33.58,31.7,37.0,10,0
747884,1099,egg,count/portion,whole in shell,58.622,54.8,62.7,9,0
747884,1099,egg,count/portion,whole without shell,50.61,46.7,54.6,10,0
747884,1099,egg,count/portion,yolk,17.089,13.9,19.5,9,0
747893,1099,egg,count/portion,white,32.986,28.0,36.4,7,0
747893,1099,egg,count/portion,whole in shell,56.5,52.5,59.7,7,0
747893,1099,egg,count/portion,whole without shell,48.586,44.7,51.9,7,0
747893,1099,egg,count/portion,yolk,15.6,11.9,19.4,7,0
747894,1099,egg,count/portion,white,33.1,30.9,35.2,4,0
747894,1099,egg,count/portion,whole in shell,56.175,53.7,58.5,4,0
747894,1099,egg,count/portion,whole without shell,48.25,46.5,50.0,4,0
747894,1099,egg,count/portion,yolk,15.15,11.9,17.0,4,0
747895,1099,egg,count/portion,white,33.817,30.5,35.6,6,0
747895,1099,egg,count/portion,whole in shell,58.429,54.5,60.3,7,0
747895,1099,egg,count/portion,whole without shell,50.657,46.6,52.2,7,0
747895,1099,egg,count/portion,yolk,16.586,15.4,18.5,7,0
747896,1099,egg,count/portion,white,32.575,30.1,34.0,8,0
747896,1099,egg,count/portion,whole in shell,56.533,52.7,59.5,9,0
747896,1099,egg,count/portion,whole without shell,49.067,45.8,51.4,9,0
747896,1099,egg,count/portion,yolk,16.388,13.7,17.8,8,0
747901,1099,egg,count/portion,white,32.275,28.7,35.3,4,0
747901,1099,egg,count/portion,whole in shell,56.25,53.4,60.3,4,0
747901,1099,egg,count/portion,whole without shell,47.825,44.9,52.0,4,0
747901,1099,egg,count/portion,yolk,15.55,14.1,16.7,4,0
747902,1099,egg,count/portion,white,33.3,31.9,36.8,6,0
747902,1099,egg,count/portion,whole in shell,56.7,53.6,60.9,6,0
747902,1099,egg,count/portion,whole without shell,48.267,45.2,52.1,6,0
747902,1099,egg,count/portion,yolk,14.967,12.8,17.0,6,0
747903,1099,egg,count/portion,white,32.64,31.0,34.9,5,0
747903,1099,egg,count/portion,whole in shell,57.42,56.2,58.9,5,0
747903,1099,egg,count/portion,whole without shell,48.66,46.1,50.1,5,0
747903,1099,egg,count/portion,yolk,16.02,14.4,17.1,5,0
747920,1099,egg,count/portion,white,32.267,28.9,35.0,6,0
747920,1099,egg,count/portion,whole in shell,56.822,53.6,59.4,9,0
747920,1099,egg,count/portion,whole without shell,48.767,45.6,51.3,9,0
747920,1099,egg,count/portion,yolk,16.444,14.1,18.6,9,0
747921,1099,egg,count/portion,white,31.373,30.1,33.5,11,0
747921,1099,egg,count/portion,whole in shell,56.282,53.8,59.4,11,0
747921,1099,egg,count/portion,whole without shell,48.318,46.4,51.1,11,0
747921,1099,egg,count/portion,yolk,16.94,15.1,19.4,10,0
747922,1099,egg,count/portion,white,33.325,31.1,35.2,4,0
747922,1099,egg,count/portion,whole in shell,57.925,55.4,60.2,4,0
747922,1099,egg,count/portion,whole without shell,49.875,46.8,51.7,4,0
747922,1099,egg,count/portion,yolk,16.55,14.7,18.2,4,0
747928,1099,egg,count/portion,white,33.35,31.8,34.8,6,0
747928,1099,egg,count/portion,whole in shell,56.8,55.3,58.5,6,0
747928,1099,egg,count/portion,whole without shell,49.2,47.4,50.9,7,0
747928,1099,egg,count/portion,yolk,15.65,14.9,16.3,6,0
747929,1099,egg,count/portion,white,34.683,32.1,37.6,6,0
747929,1099,egg,count/portion,whole in shell,58.567,55.1,61.3,6,0
747929,1099,egg,count/portion,whole without shell,50.517,47.4,52.9,6,0
747929,1099,egg,count/portion,yolk,15.833,13.4,17.2,6,0
747930,1099,egg,count/portion,white,34.137,32.2,36.8,8,0
747930,1099,egg,count/portion,whole in shell,57.844,55.2,60.5,9,0
747930,1099,egg,count/portion,whole without shell,50.112,47.8,54.1,8,0
747930,1099,egg,count/portion,yolk,15.889,14.3,17.3,9,0
747936,1099,egg,count/portion,white,31.564,27.4,35.0,11,0
747936,1099,egg,count/portion,whole in shell,56.2,53.7,59.9,11,0
747936,1099,egg,count/portion,whole without shell,48.364,44.8,52.8,11,0
747936,1099,egg,count/portion,yolk,16.678,14.7,17.8,9,0
747937,1099,egg,count/portion,white,31.47,28.6,34.3,10,0
747937,1099,egg,count/portion,whole in shell,57.5,54.2,61.0,9,0
747937,1099,egg,count/portion,whole without shell,48.72,46.0,51.7,10,0
747937,1099,egg,count/portion,yolk,17.25,15.9,18.2,10,0
747943,1099,egg,count/portion,white,32.7,31.3,35.1,5,0
747943,1099,egg,count/portion,whole in shell,58.8,56.6,61.2,5,0
747943,1099,egg,count/portion,whole without shell,50.575,48.5,52.9,4,0
747943,1099,egg,count/portion,yolk,17.46,15.8,18.3,5,0
747944,1099,egg,count/portion,white,36.94,33.1,42.0,10,0
747944,1099,egg,count/portion,whole in shell,65.36,62.0,70.5,10,0
747944,1099,egg,count/portion,whole without shell,55.91,52.6,60.3,10,0
747944,1099,egg,count/portion,yolk,18.789,17.1,20.7,9,0
747945,1099,egg,count/portion,white,37.01,33.6,41.4,10,0
747945,1099,egg,count/portion,whole in shell,64.4,61.9,69.2,11,0
747945,1099,egg,count/portion,whole without shell,54.94,52.4,58.2,10,0
747945,1099,egg,count/portion,yolk,17.922,16.8,19.7,9,0
747951,1099,egg,count/portion,white,32.25,29.8,36.5,10,0
747951,1099,egg,count/portion,whole in shell,57.455,54.3,61.4,11,0
747951,1099,egg,count/portion,whole without shell,48.8,45.6,52.5,9,0
747951,1099,egg,count/portion,yolk,17.25,15.8,19.1,10,0
747952,1099,egg,count/portion,white,32.733,29.6,35.2,9,0
747952,1099,egg,count/portion,whole in shell,58.44,54.5,61.3,10,0
747952,1099,egg,count/portion,whole without shell,50.22,46.5,52.3,10,0
747952,1099,egg,count/portion,yolk,17.51,15.3,19.7,10,0
747968,1099,egg,count/portion,white,33.838,30.7,35.7,8,0
747968,1099,egg,count/portion,whole in shell,57.978,53.2,61.3,9,0
747968,1099,egg,count/portion,whole without shell,49.611,45.9,53.0,9,0
747968,1099,egg,count/portion,yolk,15.475,12.8,17.7,8,0
747969,1099,egg,count/portion,white,33.471,30.4,38.4,7,0
747969,1099,egg,count/portion,whole in shell,56.143,52.7,60.0,7,0
747969,1099,egg,count/portion,whole without shell,48.743,45.6,52.7,7,0
747969,1099,egg,count/portion,yolk,15.271,13.0,18.8,7,0
747970,1099,egg,count/portion,white,32.988,31.5,35.2,8,0
747970,1099,egg,count/portion,whole in shell,55.725,52.6,60.5,8,0
747970,1099,egg,count/portion,whole without shell,48.05,44.9,53.7,8,0
747970,1099,egg,count/portion,yolk,15.062,12.9,18.5,8,0
747975,1099,egg,count/portion,white,32.189,29.6,35.1,9,0
747975,1099,egg,count/portion,whole in shell,58.9,54.6,61.7,9,0
747975,1099,egg,count/portion,whole without shell,49.267,45.3,52.3,9,0
747975,1099,egg,count/portion,yolk,17.188,15.7,19.0,8,0
747976,1099,egg,count/portion,white,33.057,29.4,35.1,7,0
747976,1099,egg,count/portion,whole in shell,59.0,53.9,62.0,7,0
747976,1099,egg,count/portion,whole without shell,50.743,46.0,54.7,7,0
747976,1099,egg,count/portion,yolk,17.686,16.0,19.8,7,0
747977,1099,egg,count/portion,white,32.362,29.1,35.9,8,0
747977,1099,egg,count/portion,whole in shell,58.325,53.9,63.1,8,0
747977,1099,egg,count/portion,whole without shell,49.625,45.9,54.0,8,0
747977,1099,egg,count/portion,yolk,17.483,14.9,20.5,6,0
747982,1099,egg,count/portion,white,37.344,34.8,39.7,9,0
747982,1099,egg,count/portion,whole in shell,63.129,62.0,64.5,7,0
747982,1099,egg,count/portion,whole without shell,54.711,53.1,56.6,9,0
747982,1099,egg,count/portion,yolk,17.367,16.2,19.4,9,0
747983,1099,egg,count/portion,white,38.17,34.8,43.8,10,0
747983,1099,egg,count/portion,whole in shell,64.11,62.1,66.2,10,0
747983,1099,egg,count/portion,whole without shell,55.436,53.2,59.4,11,0
747983,1099,egg,count/portion,yolk,17.39,15.6,19.6,10,0
747984,1099,egg,count/portion,white,33.525,31.5,35.9,4,0
747984,1099,egg,count/portion,whole in shell,56.925,54.2,58.4,4,0
747984,1099,egg,count/portion,whole without shell,49.375,46.7,51.8,4,0
747984,1099,egg,count/portion,yolk,15.85,15.2,16.2,4,0
747990,1099,egg,count/portion,white,35.24,32.2,39.4,10,0
747990,1099,egg,count/portion,whole in shell,60.1,54.4,64.2,12,0
747990,1099,egg,count/portion,whole without shell,51.667,45.0,55.6,12,0
747990,1099,egg,count/portion,yolk,16.483,12.8,19.8,12,0
747991,1099,egg,count/portion,white,34.129,30.8,37.3,7,0
747991,1099,egg,count/portion,whole in shell,58.344,53.5,63.8,9,0
747991,1099,egg,count/portion,whole without shell,49.867,44.9,54.5,9,0
747991,1099,egg,count/portion,yolk,16.022,12.7,18.6,9,0
747992,1099,egg,count/portion,white,36.767,34.8,39.2,3,0
747992,1099,egg,count/portion,whole in shell,62.767,60.2,65.0,3,0
747992,1099,egg,count/portion,whole without shell,54.467,52.3,56.3,3,0
747992,1099,egg,count/portion,yolk,17.7,15.6,21.5,3,0
747997,1099,egg,count/portion,white,34.0,34.0,34.0,1,0
747999,1099,egg,count/portion,white,32.567,29.9,36.3,9,0
747999,1099,egg,count/portion,whole in shell,58.02,54.3,61.7,10,0
747999,1099,egg,count/portion,whole without shell,49.582,46.4,52.5,11,0
747999,1099,egg,count/portion,yolk,16.64,14.6,19.7,10,0
748000,1099,egg,count/portion,white,32.655,29.8,35.4,11,0
748000,1099,egg,count/portion,whole in shell,58.0,55.1,62.0,11,0
748000,1099,egg,count/portion,whole without shell,49.473,46.7,52.4,11,0
748000,1099,egg,count/portion,yolk,16.78,15.6,18.1,10,0
748010,1099,egg,count/portion,white,34.42,30.7,36.6,10,0
748010,1099,egg,count/portion,whole in shell,59.1,55.6,62.8,12,0
748010,1099,egg,count/portion,whole without shell,51.391,48.8,54.4,11,0
748010,1099,egg,count/portion,yolk,16.97,14.2,19.1,10,0
748011,1099,egg,count/portion,white,35.044,30.1,38.6,9,0
748011,1099,egg,count/portion,whole in shell,60.21,54.4,63.2,10,0
748011,1099,egg,count/portion,whole without shell,51.591,46.2,54.9,11,0
748011,1099,egg,count/portion,yolk,16.2,15.1,17.3,10,0
748012,1099,egg,count/portion,white,36.9,36.9,36.9,1,0
748012,1099,egg,count/portion,whole in shell,61.8,61.8,61.8,1,0
748012,1099,egg,count/portion,whole without shell,54.3,54.3,54.3,1,0
748012,1099,egg,count/portion,yolk,17.4,17.4,17.4,1,0
748022,1099,egg,count/portion,white,32.95,29.3,36.2,8,0
748022,1099,egg,count/portion,whole in shell,57.275,54.2,60.3,8,0
748022,1099,egg,count/portion,whole without shell,49.65,46.9,53.0,8,0
748022,1099,egg,count/portion,yolk,16.557,15.7,17.7,7,0
748023,1099,egg,count/portion,white,32.067,30.0,34.0,9,0
748023,1099,egg,count/portion,whole in shell,56.014,53.9,59.4,7,0
748023,1099,egg,count/portion,whole without shell,48.525,46.7,51.6,8,0
748023,1099,egg,count/portion,yolk,16.4,14.9,18.2,8,0
748024,1099,egg,count/portion,white,33.283,30.6,35.9,6,0
748024,1099,egg,count/portion,whole in shell,59.283,55.1,61.7,6,0
748024,1099,egg,count/portion,whole without shell,51.386,48.0,54.1,7,0
748024,1099,egg,count/portion,yolk,18.086,15.9,20.7,7,0
748033,1099,egg,count/portion,white,36.65,31.7,38.3,8,0
748033,1099,egg,count/portion,whole in shell,64.525,59.4,67.6,8,0
748033,1099,egg,count/portion,whole without shell,56.078,52.7,59.3,9,0
748033,1099,egg,count/portion,yolk,19.333,17.6,21.2,9,0
748034,1099,egg,count/portion,white,35.23,30.9,38.6,10,0
748034,1099,egg,count/portion,whole in shell,62.06,54.7,65.7,10,0
748034,1099,egg,count/portion,whole without shell,53.73,47.4,57.1,10,0
748034,1099,egg,count/portion,yolk,18.5,15.3,21.0,10,0
748035,1099,egg,count/portion,white,38.88,36.3,41.5,5,0
748035,1099,egg,count/portion,whole in shell,65.54,63.3,67.9,5,0
748035,1099,egg,count/portion,whole without shell,57.14,54.2,59.4,5,0
748035,1099,egg,count/portion,yolk,18.35,17.0,20.1,4,0
748044,1099,egg,count/portion,white,37.775,36.1,39.8,4,0
748044,1099,egg,count/portion,whole in shell,64.78,62.7,66.6,5,0
748044,1099,egg,count/portion,whole without shell,56.183,54.5,57.5,6,0
748044,1099,egg,count/portion,yolk,18.967,17.2,21.4,6,0
748045,1099,egg,count/portion,white,38.6,35.1,43.5,11,0
748045,1099,egg,count/portion,whole in shell,65.227,62.7,69.7,11,0
748045,1099,egg,count/portion,whole without shell,57.218,54.7,61.6,11,0
748045,1099,egg,count/portion,yolk,18.86,16.0,20.2,10,0
748046,1099,egg,count/portion,white,38.45,35.8,41.3,6,0
748046,1099,egg,count/portion,whole in shell,66.48,62.9,68.5,5,0
748046,1099,egg,count/portion,whole without shell,58.2,54.7,60.8,6,0
748046,1099,egg,count/portion,yolk,19.75,18.8,21.2,6,0
748054,1099,egg,count/portion,white,34.92,32.9,37.1,10,0
748054,1099,egg,count/portion,whole in shell,58.336,56.0,60.8,11,0
748054,1099,egg,count/portion,whole without shell,50.88,48.1,53.1,10,0
748054,1099,egg,count/portion,yolk,16.17,13.2,18.6,10,0
748055,1099,egg,count/portion,white,34.46,32.6,37.2,10,0
748055,1099,egg,count/portion,whole in shell,57.827,55.1,60.4,11,0
748055,1099,egg,count/portion,whole without shell,50.391,48.0,52.6,11,0
748055,1099,egg,count/portion,yolk,15.93,10.9,19.0,10,0
748056,1099,egg,count/portion,white,34.75,32.1,37.4,2,0
748056,1099,egg,count/portion,whole in shell,59.05,59.0,59.1,2,0
748056,1099,egg,count/portion,whole without shell,50.75,50.5,51.0,2,0
748056,1099,egg,count/portion,yolk,16.0,13.1,18.9,2,0
748065,1099,egg,count/portion,white,31.138,28.4,34.3,8,0
748065,1099,egg,count/portion,whole in shell,58.789,55.9,62.2,9,0
748065,1099,egg,count/portion,whole without shell,50.038,45.8,52.5,8,0
748065,1099,egg,count/portion,yolk,18.5,16.4,20.4,8,0
748066,1099,egg,count/portion,white,32.833,25.2,35.7,9,0
748066,1099,egg,count/portion,whole in shell,60.537,59.4,61.7,8,0
748066,1099,egg,count/portion,whole without shell,51.725,50.4,53.0,8,0
748066,1099,egg,count/portion,yolk,18.875,16.1,26.5,8,0
748067,1099,egg,count/portion,white,30.92,27.7,33.0,5,0
748067,1099,egg,count/portion,whole in shell,57.183,53.7,60.3,6,0
748067,1099,egg,count/portion,whole without shell,48.967,46.0,51.5,6,0
748067,1099,egg,count/portion,yolk,17.783,15.6,19.0,6,0
748076,1099,egg,count/portion,white,33.275,31.3,34.2,8,0
748076,1099,egg,count/portion,whole in shell,57.137,55.1,59.2,8,0
748076,1099,egg,count/portion,whole without shell,49.514,47.5,51.7,7,0
748076,1099,egg,count/portion,yolk,16.088,14.3,17.5,8,0
748077,1099,egg,count/portion,white,33.767,32.6,35.1,9,0
748077,1099,egg,count/portion,whole in shell,57.489,55.9,58.9,9,0
748077,1099,egg,count/portion,whole without shell,50.289,49.1,51.3,9,0
748077,1099,egg,count/portion,yolk,16.311,15.0,17.1,9,0
748078,1099,egg,count/portion,white,34.8,32.8,36.1,6,0
748078,1099,egg,count/portion,whole in shell,58.408,54.0,61.3,12,0
748078,1099,egg,count/portion,whole without shell,50.867,46.8,53.5,12,0
748078,1099,egg,count/portion,yolk,17.55,15.7,18.6,6,0
748087,1099,egg,count/portion,whole in shell,57.883,53.2,60.7,6,0
748087,1099,egg,count/portion,whole without shell,51.44,47.4,57.5,5,0
748088,1099,egg,count/portion,whole in shell,58.518,55.3,62.4,11,0
748088,1099,egg,count/portion,whole without shell,51.4,47.7,55.1,11,0
748099,1099,egg,count/portion,white,32.34,30.8,34.2,5,0
748099,1099,egg,count/portion,whole in shell,57.86,54.0,60.7,5,0
748099,1099,egg,count/portion,whole without shell,49.82,46.9,52.3,5,0
748099,1099,egg,count/portion,yolk,17.48,14.5,19.6,5,0
748100,1099,egg,count/portion,white,32.2,29.6,35.1,10,0
748100,1099,egg,count/portion,whole in shell,57.755,52.4,60.6,11,0
748100,1099,egg,count/portion,whole without shell,50.08,44.8,52.7,10,0
748100,1099,egg,count/portion,yolk,17.636,15.2,19.4,11,0
748101,1099,egg,count/portion,white,31.1,31.1,31.1,1,0
748101,1099,egg,count/portion,whole in shell,54.1,54.1,54.1,1,0
748101,1099,egg,count/portion,whole without shell,47.1,47.1,47.1,1,0
748101,1099,egg,count/portion,yolk,16.0,16.0,16.0,1,0
748102,1099,egg,count/portion,white,32.117,30.1,35.5,6,0
748102,1099,egg,count/portion,whole in shell,57.986,55.9,60.4,7,0
748102,1099,egg,count/portion,whole without shell,49.4,48.0,51.5,6,0
748102,1099,egg,count/portion,yolk,17.22,15.7,18.5,5,0
748112,1099,egg,count/portion,white,36.5,33.6,38.0,8,0
748112,1099,egg,count/portion,whole in shell,64.078,61.7,67.0,9,0
748112,1099,egg,count/portion,whole without shell,55.367,52.6,57.5,9,0
748112,1099,egg,count/portion,yolk,18.733,16.5,20.3,9,0
748113,1099,egg,count/portion,white,37.14,34.7,39.8,10,0
748113,1099,egg,count/portion,whole in shell,63.591,61.7,66.6,11,0
748113,1099,egg,count/portion,whole without shell,55.355,53.3,58.4,11,0
748113,1099,egg,count/portion,yolk,18.28,16.0,21.1,10,0
748114,1099,egg,count/portion,white,36.067,33.5,39.8,9,0
748114,1099,egg,count/portion,whole in shell,63.83,62.1,66.0,10,0
748114,1099,egg,count/portion,whole without shell,55.01,52.6,57.1,10,0
748114,1099,egg,count/portion,yolk,18.789,16.9,21.6,9,0
748123,1099,egg,count/portion,white,36.145,33.7,40.2,11,0
748123,1099,egg,count/portion,whole in shell,63.8,61.4,67.9,12,0
748123,1099,egg,count/portion,whole without shell,54.291,50.7,58.7,11,0
748123,1099,egg,count/portion,yolk,18.39,16.8,20.3,10,0
748139,1099,egg,count/portion,white,32.586,29.7,35.1,7,0
748139,1099,egg,count/portion,whole in shell,55.738,53.4,57.5,8,0
748139,1099,egg,count/portion,whole without shell,48.162,45.1,49.8,8,0
748139,1099,egg,count/portion,yolk,15.488,13.0,18.0,8,0
748140,1099,egg,count/portion,white,31.8,31.1,32.4,7,0
748140,1099,egg,count/portion,whole in shell,56.475,54.0,60.0,8,0
748140,1099,egg,count/portion,whole without shell,48.938,46.5,52.4,8,0
748140,1099,egg,count/portion,yolk,17.286,14.1,20.7,7,0
748141,1099,egg,count/portion,white,32.4,29.6,35.5,8,0
748141,1099,egg,count/portion,whole in shell,56.367,53.0,62.3,6,0
748141,1099,egg,count/portion,whole without shell,48.65,46.2,53.9,8,0
748141,1099,egg,count/portion,yolk,16.133,13.3,18.6,6,0
748150,1099,egg,count/portion,white,33.544,29.9,35.2,9,0
748150,1099,egg,count/portion,whole in shell,59.044,54.7,62.3,9,0
748150,1099,egg,count/portion,whole without shell,51.14,48.1,53.4,10,0
748150,1099,egg,count/portion,yolk,17.925,14.7,19.7,8,0
748151,1099,egg,count/portion,white,34.557,30.0,37.4,7,0
748151,1099,egg,count/portion,whole in shell,59.243,56.0,62.6,7,0
748151,1099,egg,count/portion,whole without shell,52.143,48.1,54.2,7,0
748151,1099,egg,count/portion,yolk,17.65,16.1,18.5,6,0
748152,1099,egg,count/portion,white,34.75,32.8,39.4,6,0
748152,1099,egg,count/portion,whole in shell,60.85,57.8,63.0,6,0
748152,1099,egg,count/portion,whole without shell,52.833,49.7,57.1,6,0
748152,1099,egg,count/portion,yolk,18.117,16.9,19.0,6,0
748161,1099,egg,count/portion,white,32.12,30.5,34.1,5,0
748161,1099,egg,count/portion,whole in shell,55.233,53.5,59.2,6,0
748161,1099,egg,count/portion,whole without shell,47.783,46.1,51.8,6,0
748161,1099,egg,count/portion,yolk,16.0,15.1,17.7,5,0
748162,1099,egg,count/portion,white,32.6,28.6,35.0,9,0
748162,1099,egg,count/portion,whole in shell,57.17,54.7,59.0,10,0
748162,1099,egg,count/portion,whole without shell,49.47,47.3,51.6,10,0
748162,1099,egg,count/portion,yolk,16.657,14.8,19.9,7,0
748163,1099,egg,count/portion,white,32.5,29.1,36.4,8,0
748163,1099,egg,count/portion,whole in shell,56.988,54.1,60.0,8,0
748163,1099,egg,count/portion,whole without shell,49.443,46.7,52.0,7,0
748163,1099,egg,count/portion,yolk,16.686,14.5,18.2,7,0
748173,1099,egg,count/portion,white,34.08,32.7,35.1,5,0
748173,1099,egg,count/portion,whole in shell,59.88,58.8,61.2,5,0
748173,1099,egg,count/portion,whole without shell,51.8,50.7,52.6,5,0
748173,1099,egg,count/portion,yolk,17.8,17.4,18.3,4,0
748174,1099,egg,count/portion,white,33.838,32.7,35.5,8,0
748174,1099,egg,count/portion,whole in shell,57.914,56.5,60.9,7,0
748174,1099,egg,count/portion,whole without shell,50.1,48.3,53.2,8,0
748174,1099,egg,count/portion,yolk,16.257,14.9,17.7,7,0
748175,1099,egg,count/portion,white,34.8,32.4,36.8,8,0
748175,1099,egg,count/portion,whole in shell,58.956,54.5,60.9,9,0
748175,1099,egg,count/portion,whole without shell,51.411,48.3,53.3,9,0
748175,1099,egg,count/portion,yolk,16.588,14.6,18.5,8,0
748183,1099,egg,count/portion,white,33.389,30.5,36.7,9,0
748183,1099,egg,count/portion,whole in shell,58.211,54.9,61.5,9,0
748183,1099,egg,count/portion,whole without shell,50.29,47.5,53.0,10,0
748183,1099,egg,count/portion,yolk,16.6,15.8,17.5,9,0
748184,1099,egg,count/portion,white,32.743,30.8,35.7,7,0
748184,1099,egg,count/portion,whole in shell,57.957,55.0,61.0,7,0
748184,1099,egg,count/portion,whole without shell,49.683,46.2,53.2,6,0
748184,1099,egg,count/portion,yolk,17.371,14.2,21.9,7,0
748185,1099,egg,count/portion,white,31.914,28.8,34.0,7,0
748185,1099,egg,count/portion,whole in shell,57.471,54.6,59.4,7,0
748185,1099,egg,count/portion,whole without shell,49.529,46.8,51.7,7,0
748185,1099,egg,count/portion,yolk,17.614,15.6,18.8,7,0
748193,1099,egg,count/portion,white,37.88,35.5,41.6,10,0
748193,1099,egg,count/portion,whole in shell,63.94,61.8,68.4,10,0
748193,1099,egg,count/portion,whole without shell,55.245,53.4,58.9,11,0
748193,1099,egg,count/portion,yolk,17.31,15.1,18.7,10,0
748194,1099,egg,count/portion,white,37.62,36.1,39.3,10,0
748194,1099,egg,count/portion,whole in shell,63.767,62.0,65.3,9,0
748194,1099,egg,count/portion,whole without shell,55.691,54.3,57.1,11,0
748194,1099,egg,count/portion,yolk,18.089,16.6,19.9,9,0
748203,1099,egg,count/portion,white,32.975,31.3,35.2,4,0
748203,1099,egg,count/portion,whole in shell,57.2,55.1,60.5,5,0
748203,1099,egg,count/portion,whole without shell,49.8,48.0,51.9,5,0
748203,1099,egg,count/portion,yolk,16.3,15.9,16.7,4,0
748204,1099,egg,count/portion,white,34.5,33.1,37.3,7,0
748204,1099,egg,count/portion,whole in shell,58.286,55.0,60.4,7,0
748204,1099,egg,count/portion,whole without shell,50.829,48.3,52.8,7,0
748204,1099,egg,count/portion,yolk,16.329,15.0,18.0,7,0
748205,1099,egg,count/portion,white,34.1,31.1,37.2,6,0
748205,1099,egg,count/portion,whole in shell,56.733,53.2,60.5,6,0
748205,1099,egg,count/portion,whole without shell,49.6,46.3,53.7,6,0
748205,1099,egg,count/portion,yolk,15.62,14.9,16.5,5,0
748206,1099,egg,count/portion,white,34.2,32.6,38.4,5,0
748206,1099,egg,count/portion,whole in shell,55.467,54.0,59.9,6,0
748206,1099,egg,count/portion,whole without shell,48.867,46.9,53.3,6,0
748206,1099,egg,count/portion,yolk,14.66,12.9,16.0,5,0
748216,1099,egg,count/portion,white,37.883,36.8,38.9,6,0
748216,1099,egg,count/portion,whole in shell,63.686,62.1,65.4,7,0
748216,1099,egg,count/portion,whole without shell,54.943,54.1,56.5,7,0
748216,1099,egg,count/portion,yolk,17.383,16.2,18.8,6,0
748217,1099,egg,count/portion,white,38.383,36.5,40.1,6,0
748217,1099,egg,count/portion,whole in shell,63.6,62.0,65.5,7,0
748217,1099,egg,count/portion,whole without shell,55.312,53.2,57.7,8,0
748217,1099,egg,count/portion,yolk,16.912,14.1,18.5,8,0
748218,1099,egg,count/portion,white,37.267,35.0,39.5,9,0
748218,1099,egg,count/portion,whole in shell,63.214,61.6,65.6,7,0
748218,1099,egg,count/portion,whole without shell,54.843,53.0,57.3,7,0
748218,1099,egg,count/portion,yolk,17.471,16.3,19.1,7,0
748227,1099,egg,count/portion,white,35.427,31.6,40.7,11,0
748227,1099,egg,count/portion,whole in shell,59.336,55.1,64.5,11,0
748227,1099,egg,count/portion,whole without shell,51.691,47.6,56.5,11,0
748227,1099,egg,count/portion,yolk,16.264,12.9,18.4,11,0
748228,1099,egg,count/portion,white,34.43,30.5,38.8,10,0
748228,1099,egg,count/portion,whole in shell,58.022,54.1,64.8,9,0
748228,1099,egg,count/portion,whole without shell,50.463,46.7,55.8,8,0
748228,1099,egg,count/portion,yolk,15.66,11.9,18.6,10,0
748229,1099,egg,count/portion,white,37.933,37.2,38.8,3,0
748229,1099,egg,count/portion,whole in shell,64.133,63.1,65.5,3,0
748229,1099,egg,count/portion,whole without shell,56.2,54.7,57.5,3,0
748229,1099,egg,count/portion,yolk,18.267,16.9,19.2,3,0
748236,1099,egg,count/portion,yolk,17.0,17.0,17.0,1,0
748238,1004,milliliter,volume,,0.91,0.91,0.91,1,0
748254,1004,milliliter,volume,,0.909,0.909,0.909,1,0
748271,1004,milliliter,volume,,0.909,0.909,0.909,1,0
748278,1004,milliliter,volume,,0.909,0.909,0.909,1,0
748280,1004,milliliter,volume,,0.913,0.9129999999999999,0.9129999999999999,1,0
748289,1004,milliliter,volume,,0.912,0.912,0.912,1,0
748297,1004,milliliter,volume,,0.915,0.915,0.915,1,0
748323,1004,milliliter,volume,,0.913,0.9129999999999999,0.9129999999999999,1,0
748325,1004,milliliter,volume,,0.913,0.9129999999999999,0.9129999999999999,1,0
748340,1004,milliliter,volume,,0.912,0.912,0.912,1,0
748348,1004,milliliter,volume,,0.913,0.9129999999999999,0.9129999999999999,1,0
748366,1004,milliliter,volume,,0.913,0.9129999999999999,0.9129999999999999,1,0
748461,1004,milliliter,volume,,0.909,0.909,0.909,1,0
748468,1004,milliliter,volume,,0.907,0.907,0.907,1,0
748506,1004,milliliter,volume,,0.907,0.907,0.907,1,0
748512,1004,milliliter,volume,,0.904,0.904,0.904,1,0
748576,1004,milliliter,volume,,0.908,0.9079999999999999,0.9079999999999999,1,0
748590,1004,milliliter,volume,,0.907,0.907,0.907,1,0
748608,1004,milliliter,volume,,0.907,0.907,0.907,1,0
748610,1099,egg,count/portion,white,33.69,31.7,35.9,10,0
748610,1099,egg,count/portion,whole in shell,59.02,55.2,62.1,10,0
748610,1099,egg,count/portion,whole without shell,51.089,47.7,53.7,9,0
748610,1099,egg,count/portion,yolk,17.13,15.1,19.6,10,0
748611,1099,egg,count/portion,white,32.708,29.3,35.1,12,0
748611,1099,egg,count/portion,whole in shell,58.108,54.4,60.4,12,0
748611,1099,egg,count/portion,whole without shell,50.275,46.9,52.8,12,0
748611,1099,egg,count/portion,yolk,17.656,16.0,19.7,9,0
748612,1099,egg,count/portion,white,32.6,32.5,32.7,2,0
748612,1099,egg,count/portion,whole in shell,55.7,54.8,56.6,2,0
748612,1099,egg,count/portion,whole without shell,48.05,46.9,49.2,2,0
748612,1099,egg,count/portion,yolk,15.45,14.4,16.5,2,0
748628,1099,egg,count/portion,white,36.667,32.5,41.5,9,0
748628,1099,egg,count/portion,whole in shell,64.956,59.4,71.9,9,0
748628,1099,egg,count/portion,whole without shell,55.256,50.2,61.3,9,0
748628,1099,egg,count/portion,yolk,18.787,17.0,20.1,8,0
748629,1099,egg,count/portion,white,35.233,32.3,39.2,6,0
748629,1099,egg,count/portion,whole in shell,62.383,57.7,69.7,6,0
748629,1099,egg,count/portion,whole without shell,53.0,49.0,59.8,6,0
748629,1099,egg,count/portion,yolk,17.767,15.0,20.6,6,0
748630,1099,egg,count/portion,white,35.3,30.0,38.9,9,0
748630,1099,egg,count/portion,whole in shell,62.467,57.3,67.2,9,0
748630,1099,egg,count/portion,whole without shell,53.533,48.5,57.6,9,0
748630,1099,egg,count/portion,yolk,18.275,16.8,20.5,8,0
748646,1099,egg,count/portion,white,31.844,28.4,37.4,9,0
748646,1099,egg,count/portion,whole in shell,56.55,54.1,61.6,8,0
748646,1099,egg,count/portion,whole without shell,47.914,45.5,52.8,7,0
748646,1099,egg,count/portion,yolk,16.111,14.6,18.0,9,0
748647,1099,egg,count/portion,white,32.267,29.6,34.8,9,0
748647,1099,egg,count/portion,whole in shell,56.544,54.3,59.2,9,0
748647,1099,egg,count/portion,whole without shell,48.288,45.9,50.8,8,0
748647,1099,egg,count/portion,yolk,15.725,14.7,16.9,8,0
748663,1099,egg,count/portion,white,34.356,31.7,37.0,9,0
748663,1099,egg,count/portion,whole in shell,58.69,54.0,63.2,10,0
748663,1099,egg,count/portion,whole without shell,50.18,46.3,53.6,10,0
748663,1099,egg,count/portion,yolk,15.63,12.3,17.9,10,0
748664,1099,egg,count/portion,white,33.888,31.5,37.6,8,0
748664,1099,egg,count/portion,whole in shell,58.65,55.7,61.4,8,0
748664,1099,egg,count/portion,whole without shell,50.1,46.8,54.0,7,0
748664,1099,egg,count/portion,yolk,15.914,14.7,16.8,7,0
748680,1099,egg,count/portion,white,30.767,28.7,32.8,6,0
748680,1099,egg,count/portion,whole in shell,56.733,54.8,59.7,6,0
748680,1099,egg,count/portion,whole without shell,48.883,46.7,50.5,6,0
748680,1099,egg,count/portion,yolk,18.117,16.1,20.2,6,0
748681,1099,egg,count/portion,white,32.458,29.5,37.4,12,0
748681,1099,egg,count/portion,whole in shell,59.291,54.7,65.5,11,0
748681,1099,egg,count/portion,whole without shell,51.1,46.9,56.5,12,0
748681,1099,egg,count/portion,yolk,18.7,17.3,20.6,10,0
748697,1099,egg,count/portion,white,31.7,30.4,33.1,8,0
748697,1099,egg,count/portion,whole in shell,56.95,54.1,60.6,10,0
748697,1099,egg,count/portion,whole without shell,48.178,45.2,51.5,9,0
748697,1099,egg,count/portion,yolk,16.39,13.0,18.4,10,0
748698,1099,egg,count/portion,white,32.529,29.2,37.4,7,0
748698,1099,egg,count/portion,whole in shell,56.829,54.0,60.0,7,0
748698,1099,egg,count/portion,whole without shell,47.986,44.3,51.3,7,0
748698,1099,egg,count/portion,yolk,15.457,13.5,17.5,7,0
748714,1099,egg,count/portion,white,32.113,28.8,33.9,8,0
748714,1099,egg,count/portion,whole in shell,59.078,54.6,61.4,9,0
748714,1099,egg,count/portion,whole without shell,50.043,44.7,52.9,7,0
748714,1099,egg,count/portion,yolk,18.05,15.9,19.9,8,0
748715,1099,egg,count/portion,white,32.9,32.0,35.0,6,0
748715,1099,egg,count/portion,whole in shell,59.017,53.6,61.6,6,0
748715,1099,egg,count/portion,whole without shell,50.45,46.6,52.4,6,0
748715,1099,egg,count/portion,yolk,17.56,14.6,19.7,5,0
748716,1099,egg,count/portion,white,33.575,32.1,35.2,8,0
748716,1099,egg,count/portion,whole in shell,60.011,56.2,62.2,9,0
748716,1099,egg,count/portion,whole without shell,51.575,49.7,54.1,8,0
748716,1099,egg,count/portion,yolk,18.1,16.7,19.8,8,0
748731,1099,egg,count/portion,white,30.783,25.6,33.7,6,0
748731,1099,egg,count/portion,whole in shell,57.0,53.5,60.4,6,0
748731,1099,egg,count/portion,whole without shell,48.54,45.3,51.6,5,0
748731,1099,egg,count/portion,yolk,17.733,15.0,19.7,6,0
748747,1099,egg,count/portion,white,34.118,31.2,39.9,11,0
748747,1099,egg,count/portion,whole in shell,56.41,54.2,59.8,10,0
748747,1099,egg,count/portion,whole without shell,48.456,45.6,52.7,9,0
748747,1099,egg,count/portion,yolk,13.991,12.2,15.8,11,0
748748,1099,egg,count/portion,white,33.967,31.2,37.4,9,0
748748,1099,egg,count/portion,whole in shell,56.222,52.0,60.0,9,0
748748,1099,egg,count/portion,whole without shell,48.311,43.9,51.8,9,0
748748,1099,egg,count/portion,yolk,14.25,12.7,15.5,8,0
748764,1099,egg,count/portion,whole in shell,56.89,55.0,58.7,10,0
748764,1099,egg,count/portion,whole without shell,48.514,42.7,51.2,7,0
748765,1099,egg,count/portion,whole in shell,57.011,54.2,58.9,9,0
748765,1099,egg,count/portion,whole without shell,49.44,47.2,51.4,10,0
748766,1099,egg,count/portion,whole in shell,56.3,55.1,57.3,3,0
748766,1099,egg,count/portion,whole without shell,48.867,47.8,49.5,3,0
748779,1099,egg,count/portion,white,37.443,35.0,39.5,7,0
748779,1099,egg,count/portion,whole in shell,65.388,63.8,68.4,8,0
748779,1099,egg,count/portion,whole without shell,56.675,54.4,59.8,8,0
748779,1099,egg,count/portion,yolk,19.2,17.3,20.7,8,0
748780,1099,egg,count/portion,white,38.1,34.8,40.9,10,0
748780,1099,egg,count/portion,whole in shell,64.775,63.2,66.7,8,0
748780,1099,egg,count/portion,whole without shell,56.65,54.3,58.7,8,0
748780,1099,egg,count/portion,yolk,18.175,16.2,19.7,8,0
748797,1099,egg,count/portion,white,31.75,28.6,36.0,4,0
748797,1099,egg,count/portion,whole in shell,56.775,53.7,59.2,4,0
748797,1099,egg,count/portion,whole without shell,48.55,45.4,51.0,4,0
748797,1099,egg,count/portion,yolk,16.8,15.0,17.9,4,0
748798,1099,egg,count/portion,white,32.325,31.0,34.3,4,0
748798,1099,egg,count/portion,whole in shell,57.88,55.0,60.5,5,0
748798,1099,egg,count/portion,whole without shell,49.66,47.7,51.4,5,0
748798,1099,egg,count/portion,yolk,16.967,16.4,17.4,3,0
748799,1099,egg,count/portion,white,31.5,30.5,33.7,5,0
748799,1099,egg,count/portion,whole in shell,56.717,55.5,59.3,6,0
748799,1099,egg,count/portion,whole without shell,47.75,47.0,50.2,6,0
748799,1099,egg,count/portion,yolk,16.4,15.7,17.2,5,0
748816,1099,egg,count/portion,white,37.488,34.5,39.8,8,0
748816,1099,egg,count/portion,whole in shell,65.571,64.4,67.2,7,0
748816,1099,egg,count/portion,whole without shell,55.525,52.0,57.9,8,0
748816,1099,egg,count/portion,yolk,17.957,16.7,19.2,7,0
748817,1099,egg,count/portion,white,39.033,36.5,41.6,9,0
748817,1099,egg,count/portion,whole in shell,66.44,63.7,69.0,10,0
748817,1099,egg,count/portion,whole without shell,57.19,54.0,59.9,10,0
748817,1099,egg,count/portion,yolk,18.2,16.8,21.2,9,0
748833,1099,egg,count/portion,white,33.75,31.5,37.4,10,0
748833,1099,egg,count/portion,whole in shell,57.22,54.3,59.9,10,0
748833,1099,egg,count/portion,whole without shell,49.06,46.1,51.9,10,0
748833,1099,egg,count/portion,yolk,15.533,13.1,17.6,9,0
748834,1099,egg,count/portion,white,33.188,31.1,35.7,8,0
748834,1099,egg,count/portion,whole in shell,58.938,56.4,61.6,8,0
748834,1099,egg,count/portion,whole without shell,50.488,48.0,53.3,8,0
748834,1099,egg,count/portion,yolk,17.357,16.7,18.7,7,0
748850,1099,egg,count/portion,white,33.23,30.4,36.4,10,0
748850,1099,egg,count/portion,whole in shell,58.26,54.7,60.8,10,0
748850,1099,egg,count/portion,whole without shell,50.055,45.7,52.8,11,0
748850,1099,egg,count/portion,yolk,16.691,14.9,18.0,11,0
748851,1099,egg,count/portion,white,33.5,31.6,36.4,8,0
748851,1099,egg,count/portion,whole in shell,58.144,56.2,60.6,9,0
748851,1099,egg,count/portion,whole without shell,49.889,48.3,52.3,9,0
748851,1099,egg,count/portion,yolk,16.744,13.6,18.3,9,0
748865,1099,egg,count/portion,white,32.12,29.7,34.3,5,0
748865,1099,egg,count/portion,whole in shell,56.05,54.4,58.7,4,0
748865,1099,egg,count/portion,whole without shell,47.82,46.6,49.7,5,0
748865,1099,egg,count/portion,yolk,15.775,14.6,16.9,4,0
748866,1099,egg,count/portion,white,32.8,29.6,35.1,6,0
748866,1099,egg,count/portion,whole in shell,57.783,54.2,61.2,6,0
748866,1099,egg,count/portion,whole without shell,49.133,44.9,51.8,6,0
748866,1099,egg,count/portion,yolk,16.54,14.8,18.9,5,0
748867,1099,egg,count/portion,white,32.656,27.0,35.1,9,0
748867,1099,egg,count/portion,whole in shell,57.9,54.4,60.8,10,0
748867,1099,egg,count/portion,whole without shell,49.55,45.8,52.6,10,0
748867,1099,egg,count/portion,yolk,16.889,15.5,19.3,9,0
748881,1099,egg,count/portion,white,33.117,31.2,35.2,6,0
748881,1099,egg,count/portion,whole in shell,58.783,55.3,61.6,6,0
748881,1099,egg,count/portion,whole without shell,50.483,48.3,53.0,6,0
748881,1099,egg,count/portion,yolk,17.367,16.3,19.5,6,0
748882,1099,egg,count/portion,white,32.925,29.6,38.7,8,0
748882,1099,egg,count/portion,whole in shell,59.3,53.9,63.4,10,0
748882,1099,egg,count/portion,whole without shell,50.93,45.9,54.9,10,0
748882,1099,egg,count/portion,yolk,18.089,16.2,20.6,9,0
748883,1099,egg,count/portion,white,33.062,29.8,35.9,8,0
748883,1099,egg,count/portion,whole in shell,57.771,53.3,62.7,7,0
748883,1099,egg,count/portion,whole without shell,50.275,46.4,54.3,8,0
748883,1099,egg,count/portion,yolk,17.212,15.7,20.0,8,0
748900,1099,egg,count/portion,white,32.367,28.9,35.3,9,0
748900,1099,egg,count/portion,whole in shell,57.444,53.2,61.1,9,0
748900,1099,egg,count/portion,whole without shell,48.311,44.3,52.3,9,0
748900,1099,egg,count/portion,yolk,16.32,12.2,18.1,10,0
748901,1099,egg,count/portion,white,33.125,30.6,35.8,8,0
748901,1099,egg,count/portion,whole in shell,56.686,53.5,59.9,7,0
748901,1099,egg,count/portion,whole without shell,48.812,45.1,51.3,8,0
748901,1099,egg,count/portion,yolk,15.571,14.1,17.5,7,0
748934,1099,egg,count/portion,white,33.03,29.0,36.8,10,0
748934,1099,egg,count/portion,whole in shell,56.12,52.0,59.6,10,0
748934,1099,egg,count/portion,whole without shell,48.6,44.5,52.4,10,0
748934,1099,egg,count/portion,yolk,15.57,14.2,16.9,10,0
748935,1099,egg,count/portion,white,33.1,30.2,36.2,6,0
748935,1099,egg,count/portion,whole in shell,56.883,54.6,61.1,6,0
748935,1099,egg,count/portion,whole without shell,49.583,47.1,52.7,6,0
748935,1099,egg,count/portion,yolk,16.483,14.8,18.2,6,0
748936,1099,egg,count/portion,white,34.438,32.2,37.3,8,0
748936,1099,egg,count/portion,whole in shell,57.812,55.2,61.3,8,0
748936,1099,egg,count/portion,whole without shell,49.912,48.0,53.2,8,0
748936,1099,egg,count/portion,yolk,15.475,13.7,18.0,8,0
748952,1099,egg,count/portion,white,34.462,30.4,41.9,8,0
748952,1099,egg,count/portion,whole in shell,57.389,55.0,62.9,9,0
748952,1099,egg,count/portion,whole without shell,49.362,46.5,54.0,8,0
748952,1099,egg,count/portion,yolk,14.9,12.1,18.6,9,0
748953,1099,egg,count/portion,white,33.817,31.9,36.1,6,0
748953,1099,egg,count/portion,whole in shell,58.887,55.4,61.2,8,0
748953,1099,egg,count/portion,whole without shell,50.657,47.5,52.5,7,0
748953,1099,egg,count/portion,yolk,16.875,15.0,18.1,8,0
748967,1099,egg,count/portion,whole without shell,50.3,50.3,50.3,1,0
748969,1056,strip,count/portion,,9.2,9.2,9.2,1,0
748975,1050,slice,count/portion,,3.1,3.1,3.1,1,0
748982,1056,strip,count/portion,,6.3,6.3,6.3,1,0
748989,1056,strip,count/portion,,12.9,12.9,12.9,1,0
749010,1050,slice,count/portion,,9.0,9.0,9.0,1,0
749017,1050,slice,count/portion,,9.6,9.6,9.6,1,0
749024,1050,slice,count/portion,,4.1,4.1,4.1,1,0
749031,1050,slice,count/portion,,5.4,5.4,5.4,1,0
749038,1050,slice,count/portion,,10.6,10.6,10.6,1,0
749045,1050,slice,count/portion,,6.4,6.4,6.4,1,0
749051,1050,slice,count/portion,,7.1,7.1,7.1,1,0
749058,1050,slice,count/portion,,6.0,6.0,6.0,1,0
749064,1050,slice,count/portion,,6.9,6.9,6.9,1,0
749070,1050,slice,count/portion,,4.2,4.2,4.2,1,0
749076,1050,slice,count/portion,,2.4,2.4,2.4,1,0
749081,1050,slice,count/portion,,10.2,10.2,10.2,1,0
749087,1050,slice,count/portion,,7.0,7.0,7.0,1,0
749093,1050,slice,count/portion,,4.3,4.3,4.3,1,0
749099,1050,slice,count/portion,,4.5,4.5,4.5,1,0
749105,1050,slice,count/portion,,6.9,6.9,6.9,1,0
749111,1050,slice,count/portion,,2.8,2.8,2.8,1,0
749117,1056,strip,count/portion,,4.9,4.9,4.9,1,0
749123,1056,strip,count/portion,,10.0,10.0,10.0,1,0
749137,1056,strip,count/portion,,4.8,4.8,4.8,1,0
749143,1056,strip,count/portion,,5.0,5.0,5.0,1,0
749149,1056,strip,count/portion,,6.5,6.5,6.5,1,0
749156,1050,slice,count/portion,,6.3,6.3,6.3,1,0
749163,1050,slice,count/portion,,8.5,8.5,8.5,1,0
749170,1050,slice,count/portion,,3.6,3.6,3.6,1,0
749177,1050,slice,count/portion,,4.3,4.3,4.3,1,0
749184,1050,slice,count/portion,,3.3,3.3,3.3,1,0
749191,1050,slice,count/portion,,3.5,3.5,3.5,1,0
749198,1050,slice,count/portion,,10.3,10.3,10.3,1,0
749204,1050,slice,count/portion,,7.5,7.5,7.5,1,0
749210,1050,slice,count/portion,,10.0,10.0,10.0,1,0
749216,1050,slice,count/portion,,7.7,7.7,7.7,1,0
749222,1050,slice,count/portion,,9.2,9.2,9.2,1,0
749228,1050,slice,count/portion,,6.4,6.4,6.4,1,0
749234,1050,slice,count/portion,,8.7,8.7,8.7,1,0
749241,1050,slice,count/portion,,10.2,10.2,10.2,1,0
749248,1050,slice,count/portion,,7.6,7.6,7.6,1,0
749255,1050,slice,count/portion,,10.6,10.6,10.6,1,0
749262,1050,slice,count/portion,,6.2,6.2,6.2,1,0
749269,1050,slice,count/portion,,3.5,3.5,3.5,1,0
749276,1050,slice,count/portion,,3.1,3.1,3.1,1,0
749289,1050,slice,count/portion,,4.6,4.6,4.6,1,0
749301,1050,slice,count/portion,,6.8,6.8,6.8,1,0
749307,1050,slice,count/portion,,5.7,5.7,5.7,1,0
749315,1050,slice,count/portion,,5.9,5.9,5.9,1,0
749322,1050,slice,count/portion,,5.6,5.6,5.6,1,0
749329,1050,slice,count/portion,,6.5,6.5,6.5,1,0
749336,1050,slice,count/portion,,3.5,3.5,3.5,1,0
749344,1050,slice,count/portion,,3.3,3.3,3.3,1,0
749352,1056,strip,count/portion,,5.667,2.5,10.3,3,0
749357,1056,strip,count/portion,,1.267,0.9,1.8,3,0
749362,1056,strip,count/portion,,5.5,3.5,8.2,3,0
749367,1056,strip,count/portion,,5.5,3.2,7.7,3,0
749373,1056,strip,count/portion,,1.867,1.6,2.3,3,0
749379,1056,strip,count/portion,,2.633,2.2,3.3,3,0
749385,1050,slice,count/portion,,6.9,6.9,6.9,1,0
749391,1050,slice,count/portion,,5.3,5.3,5.3,1,0
749397,1050,slice,count/portion,,10.0,10.0,10.0,1,0
749403,1050,slice,count/portion,,3.0,3.0,3.0,1,0
749409,1050,slice,count/portion,,6.8,6.8,6.8,1,0
749415,1050,slice,count/portion,,5.4,5.4,5.4,1,0
749420,1050,slice,count/portion,,6.3,6.3,6.3,1,0
790510,1120,each,count/portion,edible,284.75,232.0,354.0,4,0
790510,1120,each,count/portion,whole,382.75,324.0,454.0,4,0
790521,1120,each,count/portion,edible,155.167,122.0,195.0,6,0
790521,1120,each,count/portion,whole,209.6,170.0,240.0,5,0
790532,1120,each,count/portion,edible,141.0,139.0,143.0,2,0
790532,1120,each,count/portion,whole,218.5,214.0,223.0,2,0
790533,1120,each,count/portion,edible,125.0,89.0,150.0,3,0
790533,1120,each,count/portion,whole,186.333,141.0,226.0,3,0
790544,1120,each,count/portion,edible,154.333,146.0,160.0,3,0
790544,1120,each,count/portion,whole,220.0,208.0,230.0,3,0
790545,1120,each,count/portion,edible,148.667,140.0,160.0,3,0
790545,1120,each,count/portion,whole,210.333,192.0,239.0,3,0
790556,1120,each,count/portion,edible,249.0,201.0,298.0,4,0
790556,1120,each,count/portion,whole,332.333,299.0,372.0,3,0
790567,1120,each,count/portion,edible,256.4,218.0,291.0,5,0
790567,1120,each,count/portion,whole,374.2,314.0,422.0,5,0
790577,1120,each,count/portion,edible,197.0,197.0,197.0,1,0
790579,1120,each,count/portion,edible,159.0,114.0,258.0,7,0
790579,1120,each,count/portion,whole,204.857,145.0,356.0,7,0
790590,1120,each,count/portion,edible,125.0,101.0,164.0,5,0
790590,1120,each,count/portion,whole,164.333,137.0,210.0,6,0
790601,1120,each,count/portion,edible,162.25,123.0,182.0,4,0
790601,1120,each,count/portion,whole,212.5,165.0,248.0,4,0
790602,1120,each,count/portion,edible,123.0,122.0,124.0,2,0
790602,1120,each,count/portion,whole,176.5,162.0,191.0,2,0
790613,1120,each,count/portion,edible,107.586,72.6,139.0,7,0
790613,1120,each,count/portion,whole,142.0,103.0,204.0,8,0
790624,1120,each,count/portion,edible,147.375,127.0,183.0,8,0
790624,1120,each,count/portion,whole,186.5,155.0,220.0,8,0
790635,1120,each,count/portion,edible,181.0,108.0,232.0,5,0
790635,1120,each,count/portion,whole,222.6,136.0,279.0,5,0
790636,1120,each,count/portion,edible,163.6,68.8,232.0,3,0
790636,1120,each,count/portion,whole,227.0,128.0,281.0,3,0
790646,1120,each,count/portion,edible,143.0,143.0,143.0,1,0
790648,1119,each,count/portion,peel,39.6,31.7,46.8,9,0
790648,1119,each,count/portion,peeled,96.812,88.7,106.0,8,0
790648,1119,each,count/portion,unpeeled,137.333,122.0,151.0,9,0
790663,1119,each,count/portion,peel,46.317,38.0,60.3,6,0
790663,1119,each,count/portion,peeled,142.0,127.0,157.0,6,0
790663,1119,each,count/portion,unpeeled,184.6,166.0,208.0,5,0
790681,1119,each,count/portion,peel,25.312,18.9,34.9,8,0
790681,1119,each,count/portion,peeled,100.9,82.6,116.0,7,0
790681,1119,each,count/portion,unpeeled,127.625,104.0,151.0,8,0
790696,1119,each,count/portion,peel,48.889,38.6,67.1,9,0
790696,1119,each,count/portion,peeled,130.778,98.0,153.0,9,0
790696,1119,each,count/portion,unpeeled,179.778,139.0,217.0,9,0
790712,1119,each,count/portion,peel,34.588,27.8,39.7,8,0
790712,1119,each,count/portion,peeled,109.5,101.0,114.0,4,0
790712,1119,each,count/portion,unpeeled,142.667,128.0,154.0,6,0
790729,1119,each,count/portion,peel,34.18,27.5,40.4,10,0
790729,1119,each,count/portion,peeled,91.36,77.6,108.0,10,0
790729,1119,each,count/portion,unpeeled,125.4,108.0,146.0,10,0
790774,1119,each,count/portion,peeled,110.0,110.0,110.0,1,0
790776,1119,each,count/portion,peel,79.512,71.0,84.6,8,0
790776,1119,each,count/portion,peeled,140.167,130.0,145.0,6,0
790776,1119,each,count/portion,unpeeled,220.875,201.0,230.0,8,0
790796,1119,each,count/portion,peel,59.555,43.7,79.0,11,0
790796,1119,each,count/portion,peeled,101.564,71.0,136.0,11,0
790796,1119,each,count/portion,unpeeled,162.556,115.0,211.0,9,0
790817,1119,each,count/portion,peel,58.967,49.5,65.2,9,0
790817,1119,each,count/portion,peeled,121.375,101.0,138.0,8,0
790817,1119,each,count/portion,unpeeled,178.125,151.0,202.0,8,0
790837,1119,each,count/portion,peel,59.789,52.7,69.2,9,0
790837,1119,each,count/portion,peeled,112.529,99.7,139.0,7,0
790837,1119,each,count/portion,unpeeled,168.125,157.0,195.0,8,0
790854,1119,each,count/portion,peel,69.214,65.8,73.5,7,0
790854,1119,each,count/portion,peeled,128.2,120.0,135.0,5,0
790854,1119,each,count/portion,unpeeled,198.143,185.0,209.0,7,0
790868,1119,each,count/portion,peel,48.518,38.5,61.8,11,0
790868,1119,each,count/portion,peeled,104.94,87.3,130.0,10,0
790868,1119,each,count/portion,unpeeled,156.7,126.0,191.0,10,0
790888,1119,each,count/portion,peel,54.338,49.6,65.3,8,0
790888,1119,each,count/portion,peeled,102.975,93.9,117.0,8,0
790888,1119,each,count/portion,unpeeled,157.25,145.0,182.0,8,0
790902,1119,each,count/portion,peel,64.938,55.5,75.7,8,0
790902,1119,each,count/portion,peeled,117.8,110.0,131.0,5,0
790902,1119,each,count/portion,unpeeled,187.0,167.0,207.0,5,0
790920,1119,each,count/portion,peel,67.225,60.6,75.4,8,0
790920,1119,each,count/portion,peeled,123.6,116.0,134.0,5,0
790920,1119,each,count/portion,unpeeled,189.857,177.0,209.0,7,0
790938,1119,each,count/portion,peel,57.117,46.6,67.0,6,0
790938,1119,each,count/portion,peeled,113.083,93.5,127.0,6,0
790938,1119,each,count/portion,unpeeled,167.429,143.0,193.0,7,0
790956,1119,each,count/portion,peel,56.512,51.1,63.6,8,0
790956,1119,each,count/portion,peeled,122.8,98.6,141.0,7,0
790956,1119,each,count/portion,unpeeled,178.0,152.0,201.0,8,0
790974,1119,each,count/portion,peel,50.712,42.8,58.0,8,0
790974,1119,each,count/portion,peeled,99.871,78.0,113.0,7,0
790974,1119,each,count/portion,unpeeled,150.857,121.0,169.0,7,0
790991,1119,each,count/portion,peeled,115.0,115.0,115.0,1,0
